-- MySQL dump 10.13  Distrib 8.3.0, for macos14.2 (arm64)
--
-- Host: localhost    Database: Beon Intermedia
-- ------------------------------------------------------
-- Server version	8.3.0

/*!40101 SET @OLD_CHARACTER_SET_CLIENT=@@CHARACTER_SET_CLIENT */;
/*!40101 SET @OLD_CHARACTER_SET_RESULTS=@@CHARACTER_SET_RESULTS */;
/*!40101 SET @OLD_COLLATION_CONNECTION=@@COLLATION_CONNECTION */;
/*!50503 SET NAMES utf8mb4 */;
/*!40103 SET @OLD_TIME_ZONE=@@TIME_ZONE */;
/*!40103 SET TIME_ZONE='+00:00' */;
/*!40014 SET @OLD_UNIQUE_CHECKS=@@UNIQUE_CHECKS, UNIQUE_CHECKS=0 */;
/*!40014 SET @OLD_FOREIGN_KEY_CHECKS=@@FOREIGN_KEY_CHECKS, FOREIGN_KEY_CHECKS=0 */;
/*!40101 SET @OLD_SQL_MODE=@@SQL_MODE, SQL_MODE='NO_AUTO_VALUE_ON_ZERO' */;
/*!40111 SET @OLD_SQL_NOTES=@@SQL_NOTES, SQL_NOTES=0 */;

--
-- Table structure for table `Expenses`
--

DROP TABLE IF EXISTS `Expenses`;
/*!40101 SET @saved_cs_client     = @@character_set_client */;
/*!50503 SET character_set_client = utf8mb4 */;
CREATE TABLE `Expenses` (
  `id` int NOT NULL AUTO_INCREMENT,
  `description` varchar(255) NOT NULL,
  `expense_date` date NOT NULL,
  `amount` varchar(255) NOT NULL,
  PRIMARY KEY (`id`)
) ENGINE=InnoDB AUTO_INCREMENT=4 DEFAULT CHARSET=utf8mb4 COLLATE=utf8mb4_0900_ai_ci;
/*!40101 SET character_set_client = @saved_cs_client */;

--
-- Dumping data for table `Expenses`
--

LOCK TABLES `Expenses` WRITE;
/*!40000 ALTER TABLE `Expenses` DISABLE KEYS */;
INSERT INTO `Expenses` VALUES (1,'Satpam','2024-07-31','100000'),(2,'Kebersihan','2024-07-30','50000'),(3,'Fogging','2024-07-15','100000');
/*!40000 ALTER TABLE `Expenses` ENABLE KEYS */;
UNLOCK TABLES;

--
-- Table structure for table `FeeType`
--

DROP TABLE IF EXISTS `FeeType`;
/*!40101 SET @saved_cs_client     = @@character_set_client */;
/*!50503 SET character_set_client = utf8mb4 */;
CREATE TABLE `FeeType` (
  `id` int NOT NULL AUTO_INCREMENT,
  `name` varchar(255) NOT NULL,
  `amount` varchar(255) NOT NULL,
  `frequency` enum('once','monthly','yearly') NOT NULL,
  PRIMARY KEY (`id`)
) ENGINE=InnoDB AUTO_INCREMENT=9 DEFAULT CHARSET=utf8mb4 COLLATE=utf8mb4_0900_ai_ci;
/*!40101 SET character_set_client = @saved_cs_client */;

--
-- Dumping data for table `FeeType`
--

LOCK TABLES `FeeType` WRITE;
/*!40000 ALTER TABLE `FeeType` DISABLE KEYS */;
INSERT INTO `FeeType` VALUES (1,'Satpam','100000','monthly'),(3,'Kebersihan','15000','monthly'),(7,'Pawai','25000','once'),(8,'Fogging','35000','yearly');
/*!40000 ALTER TABLE `FeeType` ENABLE KEYS */;
UNLOCK TABLES;

--
-- Table structure for table `HouseResident`
--

DROP TABLE IF EXISTS `HouseResident`;
/*!40101 SET @saved_cs_client     = @@character_set_client */;
/*!50503 SET character_set_client = utf8mb4 */;
CREATE TABLE `HouseResident` (
  `id` int NOT NULL AUTO_INCREMENT,
  `house_id` int NOT NULL,
  `resident_id` int NOT NULL,
  `startdate` date NOT NULL,
  `enddate` date DEFAULT NULL,
  PRIMARY KEY (`id`),
  KEY `HouseResident_Houses_FK` (`house_id`),
  KEY `HouseResident_Residents_FK` (`resident_id`),
  CONSTRAINT `HouseResident_Houses_FK` FOREIGN KEY (`house_id`) REFERENCES `Houses` (`id`) ON DELETE CASCADE,
  CONSTRAINT `HouseResident_Residents_FK` FOREIGN KEY (`resident_id`) REFERENCES `Residents` (`id`) ON DELETE CASCADE ON UPDATE CASCADE
) ENGINE=InnoDB AUTO_INCREMENT=12 DEFAULT CHARSET=utf8mb4 COLLATE=utf8mb4_0900_ai_ci;
/*!40101 SET character_set_client = @saved_cs_client */;

--
-- Dumping data for table `HouseResident`
--

LOCK TABLES `HouseResident` WRITE;
/*!40000 ALTER TABLE `HouseResident` DISABLE KEYS */;
INSERT INTO `HouseResident` VALUES (1,1,1,'2020-07-20','2024-07-20'),(6,2,2,'2020-07-21','2021-01-01'),(7,3,1,'2014-07-20',NULL),(9,1,2,'2025-01-01',NULL),(10,5,6,'2024-07-01',NULL),(11,7,9,'2024-07-21',NULL);
/*!40000 ALTER TABLE `HouseResident` ENABLE KEYS */;
UNLOCK TABLES;

--
-- Table structure for table `Houses`
--

DROP TABLE IF EXISTS `Houses`;
/*!40101 SET @saved_cs_client     = @@character_set_client */;
/*!50503 SET character_set_client = utf8mb4 */;
CREATE TABLE `Houses` (
  `id` int NOT NULL AUTO_INCREMENT,
  `resident_id` int DEFAULT NULL,
  `status` enum('occupied','unoccupied') CHARACTER SET utf8mb4 COLLATE utf8mb4_0900_ai_ci NOT NULL DEFAULT 'unoccupied',
  `address` varchar(100) NOT NULL,
  PRIMARY KEY (`id`),
  KEY `Houses_Residents_FK` (`resident_id`),
  CONSTRAINT `Houses_Residents_FK` FOREIGN KEY (`resident_id`) REFERENCES `Residents` (`id`) ON DELETE SET NULL ON UPDATE CASCADE
) ENGINE=InnoDB AUTO_INCREMENT=8 DEFAULT CHARSET=utf8mb4 COLLATE=utf8mb4_0900_ai_ci;
/*!40101 SET character_set_client = @saved_cs_client */;

--
-- Dumping data for table `Houses`
--

LOCK TABLES `Houses` WRITE;
/*!40000 ALTER TABLE `Houses` DISABLE KEYS */;
INSERT INTO `Houses` VALUES (1,2,'occupied','Jl. Tata Surya No. 1'),(2,2,'occupied','Jl. Tata Surya No. 2, Kota Malang'),(3,1,'occupied','Jl. Tata Surya No. 3, Kota Malang'),(5,6,'occupied','Jl. Tata Surya No. 10'),(6,NULL,'unoccupied','Jl.Tata Surya No. 5'),(7,9,'occupied','Jl. Tata Surya No. 7');
/*!40000 ALTER TABLE `Houses` ENABLE KEYS */;
UNLOCK TABLES;

--
-- Table structure for table `Income`
--

DROP TABLE IF EXISTS `Income`;
/*!40101 SET @saved_cs_client     = @@character_set_client */;
/*!50503 SET character_set_client = utf8mb4 */;
CREATE TABLE `Income` (
  `id` int NOT NULL AUTO_INCREMENT,
  `payment_id` int NOT NULL,
  `fee_type_id` int NOT NULL,
  `total` varchar(255) CHARACTER SET utf8mb4 COLLATE utf8mb4_0900_ai_ci NOT NULL DEFAULT '0',
  PRIMARY KEY (`id`)
) ENGINE=InnoDB AUTO_INCREMENT=13 DEFAULT CHARSET=utf8mb4 COLLATE=utf8mb4_0900_ai_ci;
/*!40101 SET character_set_client = @saved_cs_client */;

--
-- Dumping data for table `Income`
--

LOCK TABLES `Income` WRITE;
/*!40000 ALTER TABLE `Income` DISABLE KEYS */;
INSERT INTO `Income` VALUES (1,2,1,'100000'),(4,16,1,'100000'),(8,4,3,'15000'),(9,3,3,'15000'),(10,22,7,'25000'),(11,27,1,'100000'),(12,24,8,'35000');
/*!40000 ALTER TABLE `Income` ENABLE KEYS */;
UNLOCK TABLES;

--
-- Table structure for table `Payments`
--

DROP TABLE IF EXISTS `Payments`;
/*!40101 SET @saved_cs_client     = @@character_set_client */;
/*!50503 SET character_set_client = utf8mb4 */;
CREATE TABLE `Payments` (
  `id` int NOT NULL AUTO_INCREMENT,
  `resident_id` int NOT NULL,
  `fee_type_id` int NOT NULL,
  `payment_date` date DEFAULT NULL,
  `period` enum('once','monthly','yearly') CHARACTER SET utf8mb4 COLLATE utf8mb4_0900_ai_ci DEFAULT NULL,
  `status` enum('paid','unpaid') NOT NULL DEFAULT 'unpaid',
  `house_id` int NOT NULL,
  `amount` varchar(255) CHARACTER SET utf8mb4 COLLATE utf8mb4_0900_ai_ci DEFAULT NULL,
  `description` varchar(255) DEFAULT NULL,
  PRIMARY KEY (`id`),
  KEY `Payments_FeeType_FK` (`fee_type_id`),
  KEY `Payments_Houses_FK` (`house_id`),
  CONSTRAINT `Payments_FeeType_FK` FOREIGN KEY (`fee_type_id`) REFERENCES `FeeType` (`id`) ON DELETE CASCADE ON UPDATE CASCADE,
  CONSTRAINT `Payments_Houses_FK` FOREIGN KEY (`house_id`) REFERENCES `Houses` (`id`) ON DELETE CASCADE ON UPDATE CASCADE
) ENGINE=InnoDB AUTO_INCREMENT=28 DEFAULT CHARSET=utf8mb4 COLLATE=utf8mb4_0900_ai_ci;
/*!40101 SET character_set_client = @saved_cs_client */;

--
-- Dumping data for table `Payments`
--

LOCK TABLES `Payments` WRITE;
/*!40000 ALTER TABLE `Payments` DISABLE KEYS */;
INSERT INTO `Payments` VALUES (2,1,1,'2024-07-20','monthly','paid',1,'10000','Juli'),(3,1,3,'2024-07-02','monthly','paid',1,'15000','kebersihan bulan juli'),(4,2,3,'2024-07-07','monthly','paid',2,'15000','kebersihan bulan juli'),(16,2,1,'2024-07-18','monthly','paid',2,'100000','pembayaran satpam bulan juli'),(22,1,7,'2024-07-18','yearly','paid',1,'25000','pembayaran pawai'),(23,2,7,'2024-07-21','once','paid',2,'25000','Bayar Pawai Muharram'),(24,2,8,'2025-07-21','yearly','paid',2,'35000',NULL),(25,1,8,NULL,NULL,'unpaid',3,'0',NULL),(26,6,8,NULL,NULL,'unpaid',5,'0',NULL),(27,9,1,'2024-07-21','monthly','paid',7,'100000',NULL);
/*!40000 ALTER TABLE `Payments` ENABLE KEYS */;
UNLOCK TABLES;

--
-- Table structure for table `Residents`
--

DROP TABLE IF EXISTS `Residents`;
/*!40101 SET @saved_cs_client     = @@character_set_client */;
/*!50503 SET character_set_client = utf8mb4 */;
CREATE TABLE `Residents` (
  `id` int NOT NULL AUTO_INCREMENT,
  `fullname` varchar(100) COLLATE utf8mb4_general_ci NOT NULL,
  `ktp` mediumblob,
  `phone` varchar(15) CHARACTER SET utf8mb4 COLLATE utf8mb4_general_ci NOT NULL,
  `status` enum('contract','permanent') COLLATE utf8mb4_general_ci DEFAULT NULL,
  `marital_status` enum('married','single') COLLATE utf8mb4_general_ci DEFAULT NULL,
  PRIMARY KEY (`id`)
) ENGINE=InnoDB AUTO_INCREMENT=10 DEFAULT CHARSET=utf8mb4 COLLATE=utf8mb4_general_ci;
/*!40101 SET character_set_client = @saved_cs_client */;

--
-- Dumping data for table `Residents`
--

LOCK TABLES `Residents` WRITE;
/*!40000 ALTER TABLE `Residents` DISABLE KEYS */;
INSERT INTO `Residents` VALUES (1,'Talitha Arin',_binary '\\\0JFIF\0\0`\0`\0\0\\Exif\0\0MM\0*\0\0\0\0;\0\0\0\0\0\0Ji\0\0\0\0\0\0R\0\0\0\0\0\0\\\0\0\0\0\0\0>\0\0\0\0\\0\0\0\0\0\0\0\0\0\0\0\0\0\0\0\0\0\0\0\0\0\0\0\0\0\0\0\0\0\0\0\0\0\0\0\0\0\0\0\0\0\0\0\0\0\0\0\0\0\0\0\0\0\0\0\0\0\0\0\0\0\0\0\0\0\0\0\0\0\0\0\0\0\0\0\0\0\0\0\0\0\0\0\0\0\0\0\0\0\0\0\0\0\0\0\0\0\0\0\0\0\0\0\0\0\0\0\0\0\0\0\0\0\0\0\0\0\0\0\0\0\0\0\0\0\0\0\0\0\0\0\0\0\0\0\0\0\0\0\0\0\0\0\0\0\0\0\0\0\0\0\0\0\0\0\0\0\0\0\0\0\0\0\0\0\0\0\0\0\0\0\0\0\0\0\0\0\0\0\0\0\0\0\0\0\0\0\0\0\0\0\0\0\0\0\0\0\0\0\0\0\0\0\0\0\0\0\0\0\0\0\0\0\0\0\0\0\0\0\0\0\0\0\0\0\0\0\0\0\0\0\0\0\0\0\0\0\0\0\0\0\0\0\0\0\0\0\0\0\0\0\0\0\0\0\0\0\0\0\0\0\0\0\0\0\0\0\0\0\0\0\0\0\0\0\0\0\0\0\0\0\0\0\0\0\0\0\0\0\0\0\0\0\0\0\0\0\0\0\0\0\0\0\0\0\0\0\0\0\0\0\0\0\0\0\0\0\0\0\0\0\0\0\0\0\0\0\0\0\0\0\0\0\0\0\0\0\0\0\0\0\0\0\0\0\0\0\0\0\0\0\0\0\0\0\0\0\0\0\0\0\0\0\0\0\0\0\0\0\0\0\0\0\0\0\0\0\0\0\0\0\0\0\0\0\0\0\0\0\0\0\0\0\0\0\0\0\0\0\0\0\0\0\0\0\0\0\0\0\0\0\0\0\0\0\0\0\0\0\0\0\0\0\0\0\0\0\0\0\0\0\0\0\0\0\0\0\0\0\0\0\0\0\0\0\0\0\0\0\0\0\0\0\0\0\0\0\0\0\0\0\0\0\0\0\0\0\0\0\0\0\0\0\0\0\0\0\0\0\0\0\0\0\0\0\0\0\0\0\0\0\0\0\0\0\0\0\0\0\0\0\0\0\0\0\0\0\0\0\0\0\0\0\0\0\0\0\0\0\0\0\0\0\0\0\0\0\0\0\0\0\0\0\0\0\0\0\0\0\0\0\0\0\0\0\0\0\0\0\0\0\0\0\0\0\0\0\0\0\0\0\0\0\0\0\0\0\0\0\0\0\0\0\0\0\0\0\0\0\0\0\0\0\0\0\0\0\0\0\0\0\0\0\0\0\0\0\0\0\0\0\0\0\0\0\0\0\0\0\0\0\0\0\0\0\0\0\0\0\0\0\0\0\0\0\0\0\0\0\0\0\0\0\0\0\0\0\0\0\0\0\0\0\0\0\0\0\0\0\0\0\0\0\0\0\0\0\0\0\0\0\0\0\0\0\0\0\0\0\0\0\0\0\0\0\0\0\0\0\0\0\0\0\0\0\0\0\0\0\0\0\0\0\0\0\0\0\0\0\0\0\0\0\0\0\0\0\0\0\0\0\0\0\0\0\0\0\0\0\0\0\0\0\0\0\0\0\0\0\0\0\0\0\0\0\0\0\0\0\0\0\0\0\0\0\0\0\0\0\0\0\0\0\0\0\0\0\0\0\0\0\0\0\0\0\0\0\0\0\0\0\0\0\0\0\0\0\0\0\0\0\0\0\0\0\0\0\0\0\0\0\0\0\0\0\0\0\0\0\0\0\0\0\0\0\0\0\0\0\0\0\0\0\0\0\0\0\0\0\0\0\0\0\0\0\0\0\0\0\0\0\0\0\0\0\0\0\0\0\0\0\0\0\0\0\0\0\0\0\0\0\0\0\0\0\0\0\0\0\0\0\0\0\0\0\0\0\0\0\0\0\0\0\0\0\0\0\0\0\0\0\0\0\0\0\0\0\0\0\0\0\0\0\0\0\0\0\0\0\0\0\0\0\0\0\0\0\0\0\0\0\0\0\0\0\0\0\0\0\0\0\0\0\0\0\0\0\0\0\0\0\0\0\0\0\0\0\0\0\0\0\0\0\0\0\0\0\0\0\0\0\0\0\0\0\0\0\0\0\0\0\0\0\0\0\0\0\0\0\0\0\0\0\0\0\0\0\0\0\0\0\0\0\0\0\0\0\0\0\0\0\0\0\0\0\0\0\0\0\0\0\0\0\0\0\0\0\0\0\0\0\0\0\0\0\0\0\0\0\0\0\0\0\0\0\0\0\0\0\0\0\0\0\0\0\0\0\0\0\0\0\0\0\0\0\0\0\0\0\0\0\0\0\0\0\0\0\0\0\0\0\0\0\0\0\0\0\0\0\0\0\0\0\0\0\0\0\0\0\0\0\0\0\0\0\0\0\0\0\0\0\0\0\0\0\0\0\0\0\0\0\0\0\0\0\0\0\0\0\0\0\0\0\0\0\0\0\0\0\0\0\0\0\0\0\0\0\0\0\0\0\0\0\0\0\0\0\0\0\0\0\0\0\0\0\0\0\0\0\0\0\0\0\0\0\0\0\0\0\0\0\0\0\0\0\0\0\0\0\0\0\0\0\0\0\0\0\0\0\0\0\0\0\0\0\0\0\0\0\0\0\0\0\0\0\0\0\0\0\0\0\0\0\0\0\0\0\0\0\0\0\0\0\0\0\0\0\0\0\0\0\0\0\0\0\0\0\0\0\0\0\0\0\0\0\0\0\0\0\0\0\0\0\0\0\0\0\0\0\0\0\0\0\0\0\0\0\0\0\0\0\0\0\0\0\0\0\0\0\0\0\0\0\0\0\0\0\0\0\0\0\0\0\0\0\0\0\0\0\0\0\0\0\0\0\0\0\0\0\0\0\0\0\0\0\0\0\0\0\0\0\0\0\0\0\0\0\0\0\0\0\0\0\0\0\0\0\0\0\0\0\0\0\0\0\0\0\0\0\0\0\0\0\0\0\0\0\0\0\0\0\0\0\0\0\0\0\0\0\0\0\0\0\0\0\0\0\0\0\0\0\0\0\0\0\0\0\0\0\0\0\0\0\0\0\0\0\0\0\0\0\0\0\0\0\0\0\0\0\0\0\0\0\0\0\0\0\0\0\0\0\0\0\0\0\0\0\0\0\0\0\0\0\0\0\0\0\0\0\0\0\0\0\0\0\0\0\0\0\0\0\0\0\0\0\0\0\0\0\0\0\0\0\0\0\0\0\0\0\0\0\0\0\0\0\0\0\0\0\0\0\0\0\0\0\0\0\0\0\0\0\0\0\0\0\0\0\0\0\0\0\0\0\0\0\0\0\0\0\0\0\0\0\0\0\0\0\0\0\0\0\0\0\0\0\0\0\0\0\0\0\0\0\0\0\0\0\0\0\0\0\0\0\0\0\0\0\0\0\0\0\0\0\0\0\0\0\0\0\0\0\0\0\0\0\0\0\0\0\0\0\0\0\0\0\0\0\0\0\0\0\0\0\0\0\0\0\0\0\0\0\0\0\0\0\0\0\0\0\0\0\0\0\0\0\0\0\0\0\0\0\0\0\0\0\0\0\0\0\0\0\0\0\0\0\0\0\0\0\0\0\0\0\0\0\0\0\0\0\0\0\0\0\0\0\0\0\0\0\0\0\0\0\0\0\0\0\0\0\0\0\0\0\0\0\0\0\0\0\0\0\0\0\0\0\0\0\0\0\0\0\0\0\0\0\0\0\0\0\0\0\0\0\0\0\0\0\0\0\0\0\0\0\0\0\0\0\0\0\0\0\0\0\0\0\0\0\0\0\0\0\0\0\0\0\0\0\0\0\0\0\0\0\0\0\0\0\0\0\0\0\0\0\0\0\0\0\0\0\0\0\0\0\0\0\0\0\0\0\0\0\0\0\0\0\0\0\0\0\0\0\0\0\0\0\0\0\0\0\0\0\0\0\0\0\0\0\0\0\0\0\0\0\0\0\0\0\0\0\0\0\0\0\0\0\0\0\0\0\0\0\0\0\0\0\0\0\0\0\0\0\0\0\0\0\0\0\0\0\0\0\0\0\0\0\0\0\0\0\0\0\0\0\0\0\0\0\0\0\0\0\0\0\0\0\0\0\0\0\0\0\0\0\0\0\0\0\0\0\0\0\0\0\0\0\0\0\0\0\0\0\0\0\0\0\0\0\0\0\0\0\0\0\0\0\0\0\0\0\0\0\0\0\0\0\0\0\0\0\0\0\0\0\0\0\0\0\0\0\0\0\0\0\0\0\0\0\0\0\0\0\0\0\0\0\0\0\0\0\0\0\0\0\0\0\0\0\0\0\0\0\0\0\0\0\0\0\0\0\0\0\0\0\0\0\0\0\0\0\0\0\0\0\0\0\0\0\0\0\0\0\0\0\0\0\0\0\0\0\0\0\0\0\0\0\0\0\0\0\0\0\0\0\0\0\0\0\0\0\0\0\0\0\0\0\0\0\0\0\0\0\0\0\0\0\0\0\0\0\0\0\0\0\0\0\0\0\0\0\0\0\0\0\0\0\0\0\0\0\0\0\0\0\0\0\0\0\0\0\0\0\0\0\0\0\0\0lenovo\0\0\0\0\0\0\0\0\0\0\0\0\0\0\0\0\0\0\036\0\0\0\0\0\036\0\0\\0\0\0\0\0\0\0\0\0\\0\0\0\0\0\0\0\0\0\0\0\0\0\0\0\0\0\0\0\0\0\0\0\0\0\0\0\0\0\0\0\0\0\0\0\0\0\0\0\0\0\0\0\0\0\0\0\0\0\0\0\0\0\0\0\0\0\0\0\0\0\0\0\0\0\0\0\0\0\0\0\0\0\0\0\0\0\0\0\0\0\0\0\0\0\0\0\0\0\0\0\0\0\0\0\0\0\0\0\0\0\0\0\0\0\0\0\0\0\0\0\0\0\0\0\0\0\0\0\0\0\0\0\0\0\0\0\0\0\0\0\0\0\0\0\0\0\0\0\0\0\0\0\0\0\0\0\0\0\0\0\0\0\0\0\0\0\0\0\0\0\0\0\0\0\0\0\0\0\0\0\0\0\0\0\0\0\0\0\0\0\0\0\0\0\0\0\0\0\0\0\0\0\0\0\0\0\0\0\0\0\0\0\0\0\0\0\0\0\0\0\0\0\0\0\0\0\0\0\0\0\0\0\0\0\0\0\0\0\0\0\0\0\0\0\0\0\0\0\0\0\0\0\0\0\0\0\0\0\0\0\0\0\0\0\0\0\0\0\0\0\0\0\0\0\0\0\0\0\0\0\0\0\0\0\0\0\0\0\0\0\0\0\0\0\0\0\0\0\0\0\0\0\0\0\0\0\0\0\0\0\0\0\0\0\0\0\0\0\0\0\0\0\0\0\0\0\0\0\0\0\0\0\0\0\0\0\0\0\0\0\0\0\0\0\0\0\0\0\0\0\0\0\0\0\0\0\0\0\0\0\0\0\0\0\0\0\0\0\0\0\0\0\0\0\0\0\0\0\0\0\0\0\0\0\0\0\0\0\0\0\0\0\0\0\0\0\0\0\0\0\0\0\0\0\0\0\0\0\0\0\0\0\0\0\0\0\0\0\0\0\0\0\0\0\0\0\0\0\0\0\0\0\0\0\0\0\0\0\0\0\0\0\0\0\0\0\0\0\0\0\0\0\0\0\0\0\0\0\0\0\0\0\0\0\0\0\0\0\0\0\0\0\0\0\0\0\0\0\0\0\0\0\0\0\0\0\0\0\0\0\0\0\0\0\0\0\0\0\0\0\0\0\0\0\0\0\0\0\0\0\0\0\0\0\0\0\0\0\0\0\0\0\0\0\0\0\0\0\0\0\0\0\0\0\0\0\0\0\0\0\0\0\0\0\0\0\0\0\0\0\0\0\0\0\0\0\0\0\0\0\0\0\0\0\0\0\0\0\0\0\0\0\0\0\0\0\0\0\0\0\0\0\0\0\0\0\0\0\0\0\0\0\0\0\0\0\0\0\0\0\0\0\0\0\0\0\0\0\0\0\0\0\0\0\0\0\0\0\0\0\0\0\0\0\0\0\0\0\0\0\0\0\0\0\0\0\0\0\0\0\0\0\0\0\0\0\0\0\0\0\0\0\0\0\0\0\0\0\0\0\0\0\0\0\0\0\0\0\0\0\0\0\0\0\0\0\0\0\0\0\0\0\0\0\0\0\0\0\0\0\0\0\0\0\0\0\0\0\0\0\0\0\0\0\0\0\0\0\0\0\0\0\0\0\0\0\0\0\0\0\0\0\0\0\0\0\0\0\0\0\0\0\0\0\0\0\0\0\0\0\0\0\0\0\0\0\0\0\0\0\0\0\0\0\0\0\0\0\0\0\0\0\0\0\0\0\0\0\0\0\0\0\0\0\0\0\0\0\0\0\0\0\0\0\0\0\0\0\0\0\0\0\0\0\0\0\0\0\0\0\0\0\0\0\0\0\0\0\0\0\0\0\0\0\0\0\0\0\0\0\0\0\0\0\0\0\0\0\0\0\0\0\0\0\0\0\0\0\0\0\0\0\0\0\0\0\0\0\0\0\0\0\0\0\0\0\0\0\0\0\0\0\0\0\0\0\0\0\0\0\0\0\0\0\0\0\0\0\0\0\0\0\0\0\0\0\0\0\0\0\0\0\0\0\0\0\0\0\0\0\0\0\0\0\0\0\0\0\0\0\0\0\0\0\0\0\0\0\0\0\0\0\0\0\0\0\0\0\0\0\0\0\0\0\0\0\0\0\0\0\0\0\0\0\0\0\0\0\0\0\0\0\0\0\0\0\0\0\0\0\0\0\0\0\0\0\0\0\0\0\0\0\0\0\0\0\0\0\0\0\0\0\0\0\0\0\0\0\0\0\0\0\0\0\0\0\0\0\0\0\0\0\0\0\0\0\0\0\0\0\0\0\0\0\0\0\0\0\0\0\0\0\0\0\0\0\0\0\0\0\0\0\0\0\0\0\0\0\0\0\0\0\0\0\0\0\0\0\0\0\0\0\0\0\0\0\0\0\0\0\0\0\0\0\0\0\0\0\0\0\0\0\0\0\0\0\0\0\0\0\0\0\0\0\0\0\0\0\0\0\0\0\0\0\0\0\0\0\0\0\0\0\0\0\0\0\0\0\0\0\0\0\0\0\0\0\0\0\0\0\0\0\0\0\0\0\0\0\0\0\0\0\0\0\0\0\0\0\0\0\0\0\0\0\0\0\0\0\0\0\0\0\0\0\0\0\0\0\0\0\0\0\0\0\0\0\0\0\0\0\0\0\0\0\0\0\0\0\0\0\0\0\0\0\0\0\0\0\0\0\0\0\0\0\0\0\0\0\0\0\0\0\0\0\0\0\0\0\0\0\0\0\0\0\0\0\0\0\0\0\0\0\0\0\0\0\0\0\0\0\0\0\0\0\0\0\0\0\0\0\0\0\0\0\0\0\0\0\0\0\0\0\0\0\0\0\0\0\0\0\0\0\0\0\0\0\0\0\0\0\0\0\0\0\0\0\0\0\0\0\0\0\0\0\0\0\0\0\0\0\0\0\0\0\0\0\0\0\0\0\0\0\0\0\0\0\0\0\0\0\0\0\0\0\0\0\0\0\0\0\0\0\0\0\0\0\0\0\0\0\0\0\0\0\0\0\0\0\0\0\0\0\0\0\0\0\0\0\0\0\0\0\0\0\0\0\0\0\0\0\0\0\0\0\0\0\0\0\0\0\0\0\0\0\0\0\0\0\0\0\0\0\0\0\0\0\0\0\0\0\0\0\0\0\0\0\0\0\0\0\0\0\0\0\0\0\0\0\0\0\0\0\0\0\0\0\0\0\0\0\0\0\0\0\0\0\0\0\0\0\0\0\0\0\0\0\0\0\0\0\0\0\0\0\0\0\0\0\0\0\0\0\0\0\0\0\0\0\0\0\0\0\0\0\0\0\0\0\0\0\0\0\0\0\0\0\0\0\0\0\0\0\0\0\0\0\0\0\0\0\0\0\0\0\0\0\0\0\0\0\0\0\0\0\0\0\0\0\0\0\0\0\0\0\0\0\0\0\0\0\0\0\0\0\0\0\0\0\0\0\0\0\0\0\0\0\0\0\0\0\0\0\0\0\0\0\0\0\0\0\0\0\0\0\0\0\0\0\0\0\0\0\0\0\0\0\0\0\0\0\0\0\0\0\0\0\0\0\0\0\0\0\0\0\0\0\0\0\0\0\0\0\0\0\0\0\0\0\0\0\0\0\0\0\0\0\0\0\0\0\0\0\0\0\0\0\0\0\0\0\0\0\0\0\0\0\0\0\0\0\0\0\0\0\0\0\0\0\0\0\0\0\0\0\0\0\0\0\0\0\0\0\0\0\0\0\0\0\0\0\0\0\0\0\0\0\0\0\0\0\0\0\0\0\0\0\0\0\0\0\0\0\0\0\0\0\0\0\0\0\0\0\0\0\0\0\0\0\0\0\0\0\0\0\0\0\0\0\0\0\0\0\0\0\0\0\0\0\0\0\0\0\0\0\0\0\0\0\0\0\0\0\0\0\0\0\0\0\0\0\0\0\0\0\0\0\0\0\0\0\0\0\0\0\0\0\0\0\0\0\0\0\0\0\0\0\0\0\0\0\0\0\0\0\0\0\0\0\0\0\0\0\0\0\0\0\0\0\0\0\0\0\0\0\0\0\0\0\0\0\0\0\0\0\0\0\0\0\0\0\0\0\0\0\0\0\0\0\0\0\0\0\0\0\0\0\0\0\0\0\0\0\0\0\0\0\0\0\0\0\0\0\0\0\0\0\0\0\0\0\0\0\0\0\0\0\0\0\0\0\0\0\0\0\0\0\0\0\0\0\0\0\0\0\0\0\0\0\0\0\0\0\0\0\0\0\0\0\0\0\0\0\0\0\0\0\0\0\0\0\0\0\0\0\0\0\0\0\0\0\0\0\0\0\0\0\0\0\0\0\0\0\0\0\0\0\0\0\0\0\0\0\0\0\0\0\0\0\0\0\0\0\0\0\0\0\0\0\0\0\0\0\0\0\0\0\0\0\0\0\0\0\0\0\0\0\0\0\0\0\0\0\0\0\0\0\0\0\0\0\0\0\0\0\0\0\0\0\0\0\0\0\0\0\0\0\0\0\0\0\0\0\0\0\0\0\0\0\0\0\0\0\0\0\0\0\0\0\0\0\0\0\0\0\0\0\0\0\0\0\0\0\0\0\0\0\0\0\0\0\0\0\0\0\0\0\0\0\0\0\0\0\0\0\0\0\0\0\0\0\0\0\0\0\0\02023:09:19 09:49:21\02023:09:19 09:49:21\0\0\0l\0e\0n\0o\0v\0o\0\0\0\http://ns.adobe.com/xap/1.0/\0<?xpacket begin=\'﻿\' id=\'W5M0MpCehiHzreSzNTczkc9d\'?>\r\n<x:xmpmeta xmlns:x=\"adobe:ns:meta/\"><rdf:RDF xmlns:rdf=\"http://www.w3.org/1999/02/22-rdf-syntax-ns#\"><rdf:Description rdf:about=\"uuid:faf5bdd5-ba3d-11da-ad31-d33d75182f1b\" xmlns:dc=\"http://purl.org/dc/elements/1.1/\"/><rdf:Description rdf:about=\"uuid:faf5bdd5-ba3d-11da-ad31-d33d75182f1b\" xmlns:xmp=\"http://ns.adobe.com/xap/1.0/\"><xmp:CreateDate>2023-09-19T09:49:21.358</xmp:CreateDate></rdf:Description><rdf:Description rdf:about=\"uuid:faf5bdd5-ba3d-11da-ad31-d33d75182f1b\" xmlns:dc=\"http://purl.org/dc/elements/1.1/\"><dc:creator><rdf:Seq xmlns:rdf=\"http://www.w3.org/1999/02/22-rdf-syntax-ns#\"><rdf:li>lenovo</rdf:li></rdf:Seq>\r\n			</dc:creator></rdf:Description></rdf:RDF></x:xmpmeta>\r\n                                                                                                    \n                                                                                                    \n                                                                                                    \n                                                                                                    \n                                                                                                    \n                                                                                                    \n                                                                                                    \n                                                                                                    \n                                                                                                    \n                                                                                                    \n                                                                                                    \n                                                                                                    \n                                                                                                    \n                                                                                                    \n                                                                                                    \n                                                                                                    \n                                                                                                    \n                                                                                                    \n                                                                                                    \n                                                                                                    \n                            <?xpacket end=\'w\'?>\\0C\0\n\n		\n\Z\'!%\".\"%()+,+\Z /3/*2\'*+*\\0C\n	\n***************************************************\0\\\"\0\\0\0\0\0\0\0\0\0\0\0\0	\n\\0\0\0\0}\0!1AQa\"q2#BR\\$3br	\n\Z%&\'()*456789:CDEFGHIJSTUVWXYZcdefghijstuvwxyz\\\\\\\\\\\\\\\\\\\\\\\\\\\\\\\\\\\\\0\0\0\0\0\0\0\0	\n\\0\0\0w\0!1AQaq\"2B	#3R\br\\n$4\%\\Z&\'()*56789:CDEFGHIJSTUVWXYZcdefghijstuvwxyz\\\\\\\\\\\\\\\\\\\\\\\\\\\\\\\\\\\0\0\0?\0\fN g;~E*\:s۞;t\zo\pA\V¸#ZY\0\w|\hp$րxnA\ޜ\0T7\F9 w\0gG#7\>}\9\^hIR\r\\y\4*9E46\{(\0,{\\s\\N\Cg8\P6J?\07dX\#\4ĩ\u\\\G\n\\꾴\0\\<vϖ\\\\;XR;J\\\0\܀r\Hvq\)O\\\}i?\\\0\7̀zdR	<u\\nq\\Z\\n\0嶞=\r!@ \=\V\=iNz\r\0;v\s{Mi8\\(|\a\w\ny\Z\0C\#	p\=\b3PX\\\0)\n\)>f1\ps֔9\i͒01\\Z\0@[$J$;=3\/9\?^M\3Ҁ\KpFE\02\\rA$s(BSR\M!6T\4\\0y\H>ev\GJ\nQc8\\h\\\4GsE\0	N)s\qN\s׮(\<\pX\\Pt\ZB	l\h\0S\\07e\ZvInzv\AT\=XQO\'p龝ҹs@\n\}	sH0\\GO\\Sfb_c@\rÀA<\\'i\:\Z9F\C)\2(>\\HB6\n\JjEs\<\\\09ʐX8m\0\jjÃ@-0i\\^x#\\\4~\0\\?2?*M\\2G\\0\\n\\+\\\\N?0\z\Z2=3\4㓃\F;\c*{iI<dP\0\9@\\$\g\"e^~PzXsɥ\X\"C\0~m\q\)]랍ۜPc\i\s\\\\0J\SU;\\0{94\0\náSӞ2\HW\?ʀms֌~\\Z\Ҕ\\gJ@w|~j@H\\u}\#\@\'$ddMQ8\>$\s\w\F{\\_ƀw*\\\\\i\`pO\)\yy\\\0\\4nU\i\raC\\Pq@\+K\\\{&w>\\\X0$\\@\\g\'\M\\`<f\$\\0 E\7!$\rz0C\\"{|\rzg~\r.J\\4@9\y#<u\@W*F\G?\"(ݩCa7\0pO\\ \\0\G A\\f\\\=)s\f\7\RqF8eWS\\#b\0\\\jL0\2}{\˹C/QȠ`\88\hwrpc\\`>a79<g)\鞴\0)9\>\p\\\{B\q>\m$~t\0\\,=(l\Gxء-ؤݶ0W@\rP0z{\1=}qU˟E)$\@\\I\\:\pA\pE@dNA\iC\9\@pn\\b_\rU_\\\?Q٠	Ę^(ʫ\Q\N2e\#\	A\>`\fpz\\Q6\\Z\0~O\֗$\؊Yr1iL\6x41sSp$$wW,q\6\\R.\p}u`0pGz@wd5\0z@uf<\\0\\Rr59\\7ι`~f㎄f7\\u@Y\z\\\	\n\nA\\\}\;z\9 I\d|@W\=1FB$<\{\'\\@\<FC\'Z\9\\0J\`+g>	N7zpi7=j# \\RyA(~_OJ\0\nu4{zTP>_^iVo9	C҆\\=*\rJ\\֕\z\0?\\99㏘s5\\ZF\<gp\\`\\%׭@\\8ʜ\@3vϽ\0$\\d]vڀ&\r\$d\Z7\>jq\\9\\\	~`\*zQw\\*1H\\\!\03\c@\\\"	\5v\n\׭\0Nr$t\ҎE@$0\0MX\\\\,\ߛ\'{sQy\H\Bϸrqڀ&W;a\c\$rÁ\0\!8\\ǟ1\Kr\{wf;Fq\	՘<A(l9\\=\\$v\)R	V\\9	\3٨$!\T\piVP\&߁\\R$=2\rV\d$t;l\	w\\4\#T\0)\F(Y\qcҀ\'I%FC:k0q\\'\#\R,\t \0\jF\q\VY6\\\\\`\ƀ\'\e|\Ҕ\T\rUr\Rc<v4,(\rq\\7s׽(\rx\QE\0\\E!\J\0y\RG\'P`\n\\v9\\\O\G\\`\\"ۑw;q#@	z\\\X\ǧ\\'p\\4*t\4\01ݐrx\\nzz\+\\"`h|\\q@7.\9\P\0\Tc\0<\(e`8H \\Ѹs\\\0\\\z\m{g7\\"ˀ\0P6\q\qH\0\Pwm|\0H(Jz)LG\\Q\L\9\\0\0X\3L.Q\3f3Ͻ@\9$v?\\\~\W}jͦ=\؃zI,N\_>A\\0r\\u#vPlܪNjB&Rw!`{⬶&wj=\jHuyH%}x\\\$0XdQÔ\6\\\0\V\Y\ǌ\0t\g\\ɣ\︾\`$bAF\Ȥ\0A\'Zٟ\0\&\\0\h\/Ƿ\V\r! <d\(Yc?\c\0M\7ݏ4}]\Ƿ\UC666A\)߽[\8\\0v?\\?\c\0M?\\{~$%#p:qMa)_\t\\\\Se4\5\\⦧\;\\ҵ\\ON9\0ʭ\\?\c\0M\3\0v?\\}]\\'\q\\\9\\4\\F\\'ӥZٟ\0\&\\0\h\[oĬ<\\R8\0c\#Zٟ\0\&\\0\h\[oĪ]\QYqخsAX\_\\0v?\\?\c\0MW}\\q\|l垼U훏\\\0|-Z\\c\I\\\5bIF>F\=!S\\"M\\};\nb\\0\&mn\b\>	9㊳q\\0\G\\\\c\0MW}\\q\V@ߗ\I\F\ӭ[ٟ\0\&j\\'D8\0f\\{~%O?q/[\gW\0dG\\ٟ\0\&\\\T\"@\>\Sڂ%L|~[ٟ\0\&\\0\i]\\\\\*/V\\O\*\\\\0ݏ5;k>\gvA,R}\\Fd\1N­\rf\v?\\\0l\u?\O\\?[b\+\\\\8\\Vg\\ɣb\\\0|W}\\q\ee?,AAcٰ88\V\0\'\\ɣf\\\0|>\\\\*~\0\:qY9gb\\\0|?n?\i}]\\\\\*~\g1\(Mj>~ob\\0\&\\0\h\/Ƿ\V&L}\V\l*\:\\?\"\\0L}b\H\X\\/`\k\\\)m\\y[U\\0\hٟ\0\&\\r~߉U;Q\\"\\'up0qҮl\v?\\?\c\0M?\\\J\B޿/ZFY201\1V\0n?\h؟\0\&\\p\{~%=\'c\x\"^\\\of\\\0|?\'\\ɧ\w\>߉L\\V{R\Lg\l\V\0\'\\ɩ\"\&/\\O\'k\1N84f_\n<U鵉<})\\0v?\а\\\KSls\\Z1#\\8>\V\0g\\ɣf\\0\&\\q}n=\r3=̹8\U\\0\hٸ\\ɣ\\߉TOX\\)%u\qҮlO\\0\G\\\\c\0M/\\{~%r&\6\zQ\2[Y\\"`u\\s\^\\+\Q\[\\㞸\NI\\~\\bk>\?\\6<\p9)GsJu\=\2d{\Z\\52뜁YLGz\\qQn\p\<\~&r2;h\>8}\\\\0 ?(FA\i@\\zE\0+pH(\0/N4\v1\\4\\qA\\u\\0\R:\ڡנ\ѻ-\|w\ZU8\\\\0`q\Xzt\r>a\i\X7\y$\pE\0=A\\b~V\\"g~G\'5{w\"J\TL\<\\[\eN\{\I1\`\0\%xU\X\t\z\lK\\T\TŞկ?K.0$?_֮1I\\%\6\"\DZŐ\F\<\ʈ\PI=Wd4<ڗ+Ո,}2s\M\_LSni)&\qdE8\\')\4\i-QT (\0([|\.N*,cBNX\|L𠢊*\\n(\n(2&\gm\{LXث\\R8 x5xjf\>\y\\wLWh\ό\;KwfԤ7n\\\\qۭO\+{{\\\)\\\\t\#;A>ڹ\VΧE/\\=<_\Q<A1Qy$unVF[ S־s\u\u\\.umLBH\p\\rW\\\\+[S\~\0\\]mo.L{~\[sm\c\\\r/kt\\[\kzQՍ\l\\q\qpg\Ӯ\;	\\\K\\nM*\\t\2\Of?\7\\w\>\yG\\0M\\4oE>r쉌\\g*\\'\\OF{\\V\qy4pA\\+U\\*2\x Pk\cI\\0\8<J\\_\i/\Ib2R7\\?kB{8t\^\Z][\\k\8y\\\\ZGayor\>ɖU\m\\\x<Jkg-\\\v\\\\φ9Ax\r\|\\V\\>[EXO\n\\\1*\{\Gz\<\\V3Hɜ\\\\Nm\r=\D\4x\\\Q\\wsL\,\\Dڍ\y)c\d\\0A\\s|I\~m\\g[U2\\\\BAk\\ٿ\Fh+c6nwL/It\#U9QMOb=+Or)Z)u1$F*\בugkګ\5\\\r|)_˭\V\&2+ʹ*p\rn\\NxE4ܺ.!k=eC\\`a銖\\R\EƟq\rջ	`]N:\8!\\>G\mm\Z\\9\G\?*\4\\\G\\N\,\\\-K\$B9!F=FI\c*6o\n;\\4>#\&xu{	!ǝ\"ܡXp7\ϭhE,s\\$r(dt9Bq^o\Oii4a`Xc&rұu\\Mv~\0;F\\\ \0\bRw9\\#R\\[y\'!5,\HU@\I=6\\\\.l\	RX:8\\" Z\0\\0\\rr\\0g][\mg)wB\W\n?\)9\V\뽎\Y\/\m.n!ϙ3`\\\%ƥeiu\\\pH)%\nґ\A\\\^h\5\FU֑\Kg;?/↷/j\h^;\nv\\<Һ\\np*=\4\K$\\zi\Lh\Hpq2\j[\kK6tP\4\0\$\޼\o_k)\0i,z9\\'tmZ]\区\\\Dr\\0?\rW\y\%\;\+=J\\\i\P\IX$#q\\\\=ֹ\4m\\5e>\p\r?\񯉼\"4qE7\,\S\5\&\-3\G\zS\ן+o\\[vy\.e*Iɣ\,uK9/m/mE,\\Ƞu%\/3\\\\0\U\\0\?kZ\a\3\np6;Aڹ\\3\7|9i\\ekͼ\<>Y\rG\*y\{Rg\\Mye{oqj\<R\"\d\\?U\\X\M.\\\fd\n}	\$-\V\YK\\0@1\o8\f?M?~-\\xer4Z\&-RF?~ԒfJqmEV!EPEPN\\6ċߚOa\\\̸\\KpIە#v\n((\0(\0^\5-\*?J+\\rk\ezgr\ӆV\3`]s! g\\w5omUï\\YhO`N\r\\9U}!N*\n\\q^}H\\zf\\*w.q\*U\B\1Ucl\#N8\ǽdnJ8\>RT\\'$\\v2\<\4\0T :\)*\=y0RT\a\0!b1\OF;\0H\\+ϨBc8np{P\qH@硣;\)ʀ\(@\\'\ړ\\\r\qP;\8 Pte8?*BrGNzS0zS\Fh6\3m\#\\#\sV$ldتr͎3\@\\'fe=qL\1$_T6.F6s\\Mhy\0<\> +q梆U#~oaSLŘ\qTW\\+\n\⓴e?!\1&i8ޤ\\\⥫\r4ƕ\\lT\Zǹ\#.A\W&I*)9QE\0QE<g=\j\ \bz3U\SY\v\\B\EEPEP\W_[y\Ѭ\Z\\ܤ\{\G:\\\\Zum?NIqqh\C!r\p2pm\Pnm˘\\@ZA{Xm\+[a\9`\	q\\\W\v\/\\\0Bl\[Ge2ʏ\\{<\I\I|ϗ;\Jq+\/O\0a\'MY$\\`1g\ݎ\ں_x&\\^_\"eo>0$gn=1\\WZ\\ÁE?\Q\\$z\Z:\\E\_>kף͆ieWݽ\\0$ }\\3\\|h\5\-\\\msnw\@޾\Pv\\'\&++#G&\\\\D\0\0\|Qb#\5%.388 \\\VW\?~$\\\\\\[{=B)m\\pq\^Q\\\\"\g振җ*w\v\\SK\_\\:>+F\X]X\lgӦ*\\Z;oME\/\\V\}\\\\p8\<װ8-\3\\W-+T\4\kp1(\n7c׏xr\\\\\\7\\j\\_Ę\\\Nk\v:@V=U\b5\\ng\}[\\e\\\\;P\\sM\ßsxs\Vigwt\\\(\q\\r	w\\zR:?\nEv\ `pI\RN\[Ɨ?u_j\a\\\\Ȟ0\\\q;\\\^\\Ze\lHr\yi[\n*\AEʣ<P\>\"\mh\a357J\jǈ|\\xG¾VM[TI0\'\0b0A^u\zsT4_\()\᫯\	5	\5s\\B9gՍc\\0u\\ZPq\on3^y\F\\\O\C{iq\?\nkV6Ӽ_\aqxʿbx\Ԗ t\\Sګ\x\ƿo_[\\\i[$6+1\"vK~b? \髂$*\\<y\^\\vP[,\d`@_P\n{%\Z~:7̙l\A$u\wI\\(G$\8:j\\\[^\_\\X\rτ\3,2y˛W\\w{և<=^|^\޳imOT\QlpNOQ\\Z\\\0\ǭ6RoJ{\Io\\^x\\-\\x~\Ո+Vf\	a<\Md\D5Ε#\z\;\sv\ \yrJ,J\"T69-V!EPEPJ\1\\"yu\{\vѻ{TU5\y\P\\b\QV@QE\0QE\0T\ÎjI9_CY\ꋎ̊(č\ԏ)G\9\\Y@]s\z%b\<d\c\Q^$4g#=\шl2\5Zl[oZ婱\GI°9\=\⍼*k6<n9Rj\$l޹N\\\68\8q\\\=)fv\4\>^H\\\\.z\q?\' \\\K8\x\\yy\,~R\tpM !x+\$*{uL\C\\IO\c\`mPB\iN\\ӽrr\\*A\\03\\>#r\Ϲ\\\:s\P3w\:95q\)aƨ\8\		lCdBǨ\ZY\	_OCZ{t\\\\2\KcZ\2*fk\\Z*\\1\\'ڣǷk\}i\\Sd\\Q-Em	pv]\0jr2\=V\\{qRՋ\+d\r}j.\\\\\O\\iFf<\r9\ef).\z)J\i涺2(\\\r2~\0\\V-\\n)<\a\\G\e\\AEUQE\0QE\0QE\0&jKpKT|\0\MYDCw&Ш؃r\7\0N\\\n\\\㟈+#ƨC4\+[\:\|9\+K\].\X\\R[{Iy|t\\\\\,5\¾4\$\U\\Z;Mg`^d\`笙-r\Wh\m\r\.]SĚm\\\\xr\,\\ev\!\Z\z\V\(Q[LO\̩nEdg\\\0\\\\xVӾ\wa8\0=N0}+!4/{\׺U\\i\[\3+e8!\\'~\j\f0x_\0`x\ڗ\m\%\oiJ\FԏAϪ\2X|9wu%,V\}y[Y\#ܖ#5\\\r7|-\/<3dl&\\H\4{\\\zgn|G\\\\E\6#\:-N?c%\\nz\%ڶ\\7\'}\N\Ŗ\\bB\͹zc\k_]&^k]-\\2,03\#\:aE᯷YY֯4\[[I\> s9\үkw*\灵+\\ncjm\\\\=)ʾF>$\%~k\9)F\i\\׷\3\\BY-8o\\m|]\>{R\%]B[f?h;2\\\W5R\m\0\\\\\:}e\*Ǩ\w\v7z\{4\Yyae(\9<k^_vI>~-=?\\\r\??w\KSri\.\\0\,\0k\3\w(\\f\Le\H\*(}\n\kgj\|9Z\\7\\\+jwܐy\\%\\ko\ڼz,3\0˕\\np\*gt\*\t\׼\=g\_9Dox\\]JQl i1\\\^\\\K\\Z}֡m-\|S!FW\r\חwR\|!\\\w\=j+E\KkM\T;\GJҦfTodh7\ZE\Ǉ#\.\\r\"\oU_3\|\\g񷉼Qqau0\\nLB?\\\\:^/\/n\I,LvsGneH;9%\\\o|2\n|6׺m\Z\R溳G\r=}j5qQ4c7?CԵ\\{Z\'̓i\yY\x\Z\+\Hnhdh\}\6\0\\c;\\z7|k\	\cH\|\Kp\S\Z-\\5_:Q]7\vv\4Rb)L\\\}Pԥ<\M\\0\\Z\H_\\,Ϙ\.J\<䎙\1^oSÚs\Vy4wh\\ƒ6\06tާ\|/ѥ\\\\[ۤwuQ\Z|\q˟SO\:x-O\\"\/2\\P\n\0\V\oK|\ri\|Kln\Qy\Aٖp\\5\x7մ\0}\\Dl\\\\n\\0\\Z\\"\nu\\8[Sy\Ev\<\?C^Š\G\":[F0TS\e)IS	\a(\c4\I#\	2_\2QEEPEPEPJxgi)S`\#4\[(Q\\\I\;Bu\1QҎ\O\\n(44\0p:\\wkϠ\r\ȥ\$%>f\ډ6e\\˳:\\IpeH9\SmU\\\\\QފX\d8\ִ\ij]8c\\A~\/(FՈJ?\3Uu\rv>\\W\g}5fqr~0p28]22;U9q\\yd3\Թ\8\ǩ\\n2\0=F&ђ>e9\=\w\\9\zP\y\t\0\\7\N!O\l}i>\\`\Z;hA\`zSw8\\ `t\\\JKHXzw8\\,E~PUAa\OҎ\P\0\\<c4\T9;v	, \Z:u\ngy縪7\W\pOTn0s\^`#|$\5#\\\j\\\nV?1ցh{>]0N*\H\;\\0U)@?\\v\0\\Uhqޞ\%E*\J\'>InN\\0\k-\\"  S\L}\zf-\Is\5TRx\\\\9 JdEcn\0d\\\\\'\满>@Ac\\C*|S֧G\\\\\\G\f\`\j\2F㎔U 2[\5\2G\l+B.=ɦ\\N]]es\DL\\Һ\\#4E!4\0Rg\08P2	S]\ӽM3:B(D\\H\O^k\'>\^Y\0Nx\\\\۟߮E#^=\f$O;\?\Aa\ԏ\0,\J70\\r\\F\̿4#}ӴqN\\6<n)v\l\%O\R:=\.\\\2v\\;\BҘ\61g\:2eWSG#\\\\\ɋ|Og֭;T\t\\:3\\'\'}\JjD?10h\K{\Z|q<\=i\$	]\\c@\W?>㓀J`\\R\\ah\".\5B\)\,H\0>\\?Jg\Ji\\\x\\Hz\⤷8\q\Q9&F\sK\e?)h (\0((|\i \\)l5\\1,1\GRK\8\Ry2q\jb\E5iT5:\1\)\ZP!\'\ȣ*\Ƥ*O\	ҞJЃ\ޢyZN	\ҙjVޡ̖č)nTcޣ\zZJ\\\{bpͅR1\8&\`\T}\\t$yzSM\0 <b[\n;bDe\\MV\U2Kj\\CUTU&3\'\Wgu;] \=Vd`Ⳡ\$~U\\ɮS)\B|v\\F9\o9\0a\ \>\rT\0\\Mx\yȠ\\`g=h\0* zR.\0\=\(\\ʌ4Q\t\3@\\7duR\=tR)\\0R	\`}\r&\בȣn	\FGJ\0Ab0ir\g\SoO̽K(?\\\0\z\:\T\'W\a\rP\:r.+wr{\7\~\?s(\\\\"|?]NJ$\\5N\%A+\fl}\\WhϥmfsTEJX\\@\FxȤ\IWK\I\\}\}s\A\\0sO S\=\0\rqTGb$M6T9ا\VbO\sSA7q\lwz%˟PP\\\R᛾\BwzAQ\\\\`s\5.\o8*ǫc\.M\\m=9❈\\0>\\ӿ~,\0<`@\+[6? ?\*iw\)L\w?WM\!FQ\)*A0&q\\0v\\\\}Gʞ\z|%C6\GңE\o\\\\W\\0s\p\\hrM$%TS\\ЊK\-\̨\pXu\\\\\\A\rwcs[2\[סס\\\Q\s\42\<-\dé\\\\\4\\\\\\G\ZH=7\	>F<\\iv\;W\m,F\\\?\J\\ND\iP\0\O\\\}E.\\rj}F\\W\\\\\\\̿P)hUYلaA$\hu\\\r71\>\\y⺁g\&\\#`\qU5\X!մ\\p\\r}1̾\*}jI\?*.綷yf8Q~\;\N*WV\\\#\	4g6\\r3<S1\+?\r\Zw\5z;tf\۸L\\0\\\\Z%6m\Y\(r{\K2٪\[_n\\\\\1OQI\\ۭ\\?\\\Rݓc\C\\E\ΫhZF\n2Y\0\\fK;n@\?QZrT\\2؏\\33\EU\5\\\W\5&\vx\s9PgZmY^;ݽ\\'\XW+\\\\\UnV8S4\\+$M\'8 cMR29\c\DPQsTR\0~`z!&\~S9~Cv\n\\r\G\*\aҙҹ̚I\\$2{p~W\r\H\N6\j_AS\\t\0!FvSPxU_\.q\	S\Ԟp݀\\Ny0[\oʞ*gaazX\2\ךN\qJ 1\'\S\GJr	4|\I\94QEQ!EPHiiJ\0\rIq\EG\'\\\Rcqʫ\g\.[XZ\nA\\j\W16+JUex\\y7\RW\m\+@\\rP\]\\\\r\c(@{1$\"x\C\nπ\\hG7\k\-)9vA,};\Q*H\0xF\\08\ztE l8?7\0`G\Rh*:\8!\\#>\$`\&J*\*O\N#zE0˅\\\e\\\rH\\\\h,Y@	\KDy\9\\A\_B)ē\l~\\Pr~ZB\>\B\\bC}r:}j\ƀ$Ӳp\y?t֘\\\\#\#\d\\Fz7\\\O\!\0\2e\'\i\|\2DTa헫Z36y,~,\y\\\I.<m\Z3|\\q\ \ڷ|^\\&\6\[*aGj\0\ͮ\\<\61=\n\{\\\0g\B\&\\H	>k1Uy[\CXx\\Z65+VU9@<v=qںM/4O\-\ݵ]Ƞ;0RCcq>#\?|=s\\-.\o7\.W\;Wi_\j\0CNg\\\S*O\GB3ڜmwfL\j7G+x\\\ncxvY\"t?\-^e\Pt-}\ѢSh˲\׊\^\\݅\ʾ\۸YBG\nI\\0\Ӣe$C]C)\PkJN\Eeg\q\c\\)\\8E\\\0\Z7\a\|\\%fD]\|\\GZi+ј\\>gܚq\ӊȞ\\\\Ӟ7\f\\O\R\\v\\\\\TS\\r\þPk\E_(8\'\0\\gc\^oI\0$]G\\\k\'dLM\2j\rqjֲ\\DnZ&UR/U\CB\Z\6]em@G\\\`\\\W.cye)Zt*(#ϧZq\/\\xcG\v%\Z\׫r!rfn\ZA\r3\t\z\oYxP\\1Ah\\@Y`uc{u8\t?:\g\ics\\>%\\}\\c\\ӏz\\2\4\2\\]ȶ\"jҹm:yWwy\\07Ŝ0.{\#\>#\Vf\M\tX\0\\*	Z\b!\\W~3\\We\Ú<\'yg\\'Ru_1_(ʀ#_\r\_\-\Uey65\\\#nH⑧5\f\5/x\rn0\"\\d?<s\ tϵp&\moo\Z\\KL\Z\\3\װ\#\7\k\5m\2\5kA\rvZ\(ip	#\\MQ*^\+x\5\\\6\+{[\Ǵ\Oa\=\~\>\r+\\K\\ّ4V\F\0$p\ۣvh<\> \rF?[j=aiw{?z˼O\\4>6\<}\xw^,Eu\0#<3\\\S6\;\s\\HҴ?^\|/\+X\\\1F2\\\v\p+\\1\\\r	\]Ki%ޣ:\TW\1\\\;\\x~\\uk\-\שt\rˎUAs\\\Kw}\\W\k\Mi\nW\'[;\r\]26_\0 qkENIa$\0>\\Z]7<F\H1\\M)rW\\1ϷJ\χ\<7\\\O\.cqo\"\}\0\\0\ֱ/;\\\Z<Gag7	%֮.ô\\ \\~솚רϋ\Z7<?j\w\r\m,\S\\p9\V\\<;t!\\\\r6Y%l\oH\p#\\8$\\\;\ƴ<]x±Aw}\\=\#\c \c\~f\3\\\v\A\Q\)|(XpO\\Q|\!\<9/5\G𗆴\\\\\%sonp\e@Ϸk_Ҡ\;\\yh\WG6\q\0:\0?ڮÞ\!\\q\\V|jhʯP*/\\u{\[\\s}ܙV\催\\?/\\J\\9/m?<M?mG[DX\LHc$\g=\\\\ᖩw˳\\ߗ\#\\\\\xo\\\0c\+}%\- a)o\\\Ұ\nx\Y\Z{h\.\HWˎE\͠o=?R9wi/\:\>\"\\GE\ͼwA¬Xi\k\V\\Oմ\\[\y\r\\05\\^7D\\Ʒlħ]\8\\Qx{D\\!a\\:\r6Kk?\Z\8s\tf[Oǚ<)\\N\iO}^\\qZYB	i	F&I\0sǧR\\\7\\\[U\C6\2\\\>Ձ\@\Y\\\\\\\\JS\TB\',@\+g\7#O\\D#	<zX\\NDs\'\9iZgů\r\>\{m^h\8\͑\\\\}\=9S\lO\T\'(\\ܒI\I\\0Z\\\\Ooi\\M07]\&O\\|Ó\tZ\>Ҽ_.\!\\&\\qǩ\EBO\\\\0[i\\{o6;es\Z$μ~\\\lנ\~u\5\֥\m\"Ma\vx\sE	\DO\\\\X)(cQ\ʹH\F\\\M\6O$j3#f\/\ᛓsUfd\mQ9\Ks.qD\\\0\T!zI\\Z2\01\p)7\\UR*TtB\'\\hpH\\\\\\\rMx_,sNy\\0\n\fv\\\}\\+)GϹ\\;JOk\\\_|_\0S\,\\\'7\Ey\ҧ\?\\\~\l\\\\\0]\0ߧV=O\x}O\r\0>\\#c\ws~\N0\\0\\\rRl~\XQ\j3\\xo\?\\\\\0\nOK5\	\c\G\\\\\~\l\Y\No\)\-\\\'7\(\?\\<7܍Ku\	\/%\?±\\g\\\\\\?r6\-\O\\?K5\	McRiZ\\}O\r\0>\\#l_+ON?\0	f\0A9O\){Z\\}\\G<\5SV[X\\\\5\\?\\k˾:\\\\\\\\n\@\P,\\\\rg\g\O%Ta\$?FZnj\H\|+\S\2^ⶖǛZJ8kB\"1\\P$pA~\\\\\if6ۑs\R\q\\R\n\\*\q@ऄ\\4\8<\ޛ\O/8\'S@\>\x\x_m\9\yϭ#\ϥ\0Hw\q\B\\8\"^ǃ\`\\\0.r\\P(ݴ`ކzr6\\\	\@\1\l\r=)\0=\\n\0 \tj\vG \W\\H\8\50\I\0O|m,\3Z\=P~(k?O1\\´\]NJa\0|҉\"uO\ZO\/\@\{Y\@}\\\4B&*\'\'\|o\\\Q\ɳFgi\\9 g\!4W6p\\\lȮ$\\\\\Ƥ%#1&KRO=Y\n#`\n\\/ۭMm.IJu\\Z\\\\7!*\0\4|݆:\\\U\\Hkի5tiق\\rGY\\8%\'\\\\\"0W\w\L\\'\\ ?(\\杹@֐1#\^=zR\cX\0v6\q\n\\0*h\\\\ɥ\"1\҆\\0G\;JJ\\K\TR+G\\p*֤q%+\\\\rĒG8\S;+\&`08&<I\xsBU\ݾ\oy77,`}H{\0\Zmu<Ҵz\Qi\ǒ\\\x¦\{%:<O\\PJ\{W!y\\\\Qt\c}\	V(9\\T\oR}6mn\\=\@̙\\QRvE.m\Ӏ\\0N;\q\\֑\#_\ow\'\Ul6\T\\0UwŚw#7\\Ikh\Zie*2v\j:\\6C|jwξW-\'\mxuu.\\3[1fᏂ\rG\+	-4nQ\76N>Q\ޕ\duF?8\*G\\'\CN\vwwQY\\mg\<yC7J\B\a\̐_`Gq%{\0:\]GD$ \\eP\?l-췙\0a:}#B	\r\V-\\rP\muY\'{kŲy_?\\0\J\S6cff\0\t\+\\0\QK)\bRX\\B*\:\\Eީ\\\\0j\\l;@\+\\"N&n2:(y>f\0\\K>\5g\:Ŷ\j6FA$e\V:\0\Vo]\\\IhߥA3(TFP\gV\E4F\\\l2\<UH\\C9+jQEh@QE\02۳\Tr \jyv\Az\\\\I\8.ǘ\G\\\,x-\s.b\\֛\l铜\FInT\Ѓ6;GJ\B.pHϥh\\\$wz}k\\\־Y32vk\\\\^>a\~\0\\\\J(삊*\\0\\Z\o\\\m\ԩ\nQsE\B,@\'{\[ppv}\\\-kw\"W\\\p?Z\ne\瞞\:G\bs\ڂ\\:I|YrAcbZvPꂙчP\\I\"ד+4i\\\\\{6=9\wΝB@2\\\5H\Ԑʬ\~\2ж\D\\Z\S{:_#\#kg?\yS\PT ּ\av.\z\֞lGm\\'&/q\+o\\\R\\m\ζրAPT\W\ۏsK@\\Ro\/b\\+Բ\\0\\nnx$}t\\\n\%\X\275\a\ݱ\_\\01T\_(\c\i%c\H\\_EN\\m9\\%<;\\U<\W,gÕoZ\\\=\- ,20~\?A\\THp\q\֧zJ\07c\\S\\0:\\n\\֐*\G=h\>\\zzQ\\\3M\\W\n}		T\\\040A=\\nM6	$29\0!u\')S4\\'4\\n0=(\\t TM[?Z<eN3؜\$$pÜPy*s\\\\a\ZNsр\g\dp˞z\%\r95AϘ?\̰T;w|\ⴊ.\|\'Wi0Ŀ\\\9\nޟ@\3\vdTp?\53<OP\\cIn潼(-ݾV\kuc\\sM*Qso\Yż\<,dEq\#&	w\[-I Uљ ؄c\rď\Z\tY\\\wWwR\h\m\v|\}Xc&OFՍu<3\q<y\a\\ps\ֽnH̉\;\pHa\ymn`\\c}j\$\\\r֐XٲAڮI\l\\Z|\b0Nj;chĮ͵\g\0w8q|\r\\\ךJǾ\nܽ\\Y\\q0\֗i\rI\\v\s9\r\ױ.\\ڬmc\//\t\\\'HVIV$,ztM>i`5\*\9\\sY\.E^\.~\0SMY|Ϻ?3P\\[\ymJ!?\\8Q\\zAQN\n\9<\{ygD_ܬI$;*I\cم\sU\-++\+b\ZR\{<\Ȏf`۾S\pZ\\\\:=NS\]\\0o\帙\GbO5\^\\\\[+mtF\-;lL\\\\\8\\0T8kۅE\rݵĳEoq[ɑ109法5\'r\Q\YW躕ΛA\/q\\\Hm\=\\\뻧amxYS\\\sej-\q`\9\\"\"\Sԭ\NK\rA \#5֕W\Vii9\N9	\R\k{\\<I\\)s\N\\\x\h.L\-\sA;X玆ψ<d\:Fym\M\\.؀U^Y[\n\\\\-n൹\\!UW\\'\'\5h\D\X\\\R\\#,:d#|&.y6/\\rǂW\\\7\\eP~`sv^\n\\E\]eUk\R	h\9\\[\\]\\\\>+YX{	!\N\r=|O\\\5\Ej\+u}X8=jRԧ\'(5c\luͬ\\g\\h;\vۅ\Ns\:\	tW\\\]/D\"G1\\\0\nOj\\[{\X\l\\	\\'=A\Z\LY+a\|7Gvڝ\<=v\\'!Y\\0}i</u|H\\\i|;ka<0\\(j\z\=\q\.\ \\⥵K+`e%ë}\\T{\6<fƖz5${\N,1G7ۏBeqlی\T5i5/xEMN\02\W@\\\1ֽm;\WO{\euܶ\e0\\um5u!QzF\m\/G\\d\2>qc\\E\-\\U\JB\"\x\H\R\pd\T1\tZo\V.ex\\RJ1|ҹz\qnQ\\\\=+>\0U\R\RͰV\\U\S\m>\I[\B\7mēg\Zk\"\?\TDwnU wG8\fє2Ai\ʁ\F\'!4I[	\cb:\M\\֖^\s]XL\H\2{Ԗ\74;BFI=KD܎R\ZC\qП΂rĎ\vVz\AZ(\\\ֽ\\W\?Z\\/\\w_w\(\dG<\km$\\Ա7\\K\\\\׾F\~i[\\0׮!H\J\\\\\>O8\9\\Khc$\\9\#pp{Vy<\ҦR8=u#\;\^kODIbq\\¦\<\\iZίv$Z]֡6-f\Ӝ8Ž&Fn\\7	\:)9\+Ѽq>|۲\ZZ\E\\r\\\\\}\\Z-j\\,SفXx%܇\[WX\\s*\Z\;F\S\֢.8t\0\^ܵC\\\W\FGCҸ\Һ\}VSu(9oˠt\6+\\\YƷ}\ч+\Ha\\ט-u\ȶ\0\2\7\g	$~}_\~B)1\0hUmAHʰ^T\\r[DFOŶ2X\m=]\S2*:y\1W9 V|8dV6v60\\\ZSR\R^\\8x\R;=h	\?xd\\۝\҅l\R;\Z\0BT`\硧\0 Rʁ=\ZEvPq\\0<r(B\w\F\s׊PT\x\:P\0p)ʹ\\JW,\X(\S,\\(3p\O58\u\#\\Q\I\\#4ZES\+L\}\\0ǷZЗpA\ɪ\u98\\>ROE\h\<QVee\W\\0\Ѷ}t\\8~\-\+\v)\z\@#6\ F\067u\\yL*\\p\E\r!G#\#\0ݫ\\\\\7V\\'\\\\x\&b*@\y\@H\B0خ\\G\\gF,\2\I\'\x\\{\vf}\\1\u\\& V%\Wg)\n}j \\z\͜W^\wrgT`sv={װ}\6\DyQ\g=?\nɿ\4KT\ubLE\\\06\ji>\\f#DU\"]B\+kr\xc\ \\*=?P}Voj\Z\:\󙂁1XaI\+\.4s\@bB6J\c0ؔ\r,\n\o^F3\Z87\\Vt\Ms0\uGEg\V\\X\Uiu{\4\	xecm2\\\\\#\"\\d\Bkxe\y;phۏLt\c\:\\im\f+[\\x#*\nܞ{5}y̚\sM\A\[Dg\v{\޺\mh\\:\zݻP\[\Z/-hn\\\\\U%\0\0\0ڴ\)\4Qʀ\,\\:.5\źt\\Z>3\\Icpv\Hs\Pִ[8.e0x;xns\"l$a\Ez\Xo\ZcA$z{ԩo6V\P\\\JPwj\\n\ys_\Cخs:\x\\f}\؂T9\xD\\Zֻyy\M=`\0\\Fx\3l\F\\˴4]\sm\\n>\{6\u\\"26Izh7:by\\'\I\\}	\$q{UhU\pː=\kW$ՙN\\׵/\r\%\\-Ln8\\\7_>\GE\\6%$pVS\=\\n\aIh\\"Y#aY*G5XE	DK\\F8>✢\Q\J+c˼,\5΍q]h\zm\_\O{d#i#,cߊ\\ҿ\\|XaѥF\0\H\K`\\\nkHn^9$)^2Ll\x8\'\H\]\G{a\R\\Yr\\\7\s\|Wqx^\t\Z\\)ӯa۲\H|A9$;Vsy\iZm\n<:nR,g\\0\\\?Z\\,\\1Ap$D2z\nlNogkU(8J9 cy\+yǘx;O\\\Zkr\C\M-\\6hS\DCc*?\\4$\\]\I\Cg\Z,Dɓ\{\ׯt\34v\M̻\"\0\\4AmjZ\Z\\eU_E#\tCEvy\ý]4\\Z+[\}\"o3| \:\0\\Z*\\{\\4\\1P\o!\7pq\\Zc<77$yL\n\gQ\\\\\cR\(s\\\6\\\Ɲ\U\	H\\f\,N2ǁ\\\\\\\ZIYٔK\;\\\\\s\9D@-\[ lDy9\\cXb\!$Q¤jW\R\)ՋV\\d:op_\V\m \wG\\'@].\]>\[]Y//.W\\\\\#8\9LkH\nZ1\7\\U\]/\\\0,|\\ϳ&\\\s\=\\'\=\e\\s\}\'R\&&m\~ڔ\`\H\\\\"Cm\\\ϧ\\Sȵq`R \\0\=A\P5Y 6`Bb]StԕV\>_>.%\\G\/$O\rD\vt>\\\\O\\\\7zB[Q6Ｊp#!s\\^\,\\'\\[\$xH\ \N\\[i\Y\\:\)z!;u6UcἋ{\\Jm#_-b;0˸\\\\n\\0qUQB	\\0p&\a\J\9wl[)$NM/\\\uQF`8eI\ȯ\gS]E̻	}j?\'\SC\S\\\)ZH/D4i\yNN2})D\\Sq;\ی)<u4\\\0\\m8u\\W\y4Vǽ3\c\\=O#t?0M1m\\^\n\xkޜ\~\\ּ\\\0C\__ۿQJ:׎}\ͮHbPی\0Z\-*\\']\0\V\>\A`9\'\0\n\`ϫO\UI2\̱@#\-kX\7Wk\ng?Mt\\ΡQ\؞\0A^\\\\p{o#ucXNGE,72#E\\Lj\\\0$ɯB\|3鰪\n5 /50@;V\r\[0ȁ\"H\=1YkYC\q\D#\:\\\;\0y\H\=\\u+p\\~W\#\;.Km\\+zmٜi+ٿ5\\Zlk\BPj\N$\\»?O\\Ȥ\o\ҴN\UNLRt\\t\p^w_\n:\\Sm+\\\EP\^[\i\\z\\`\\+\\\0	\kO\~B\\5N\\1O\]\;<d~P\LAO6\\`\D<\%rS85\bBKFr\"\6sֹ\\/\=@\\W\pA`s\0U\\0\4\~a\\4		M\0a׭\08.~\\\0\ڑ`\\c;\[+\s@\\sچ=\n\Gތ\H\3\H\\'\@\0\0\\Cڕs\\\PH\jC\@	RG8\96삪=\\\\\r5\\'\0\\0+\\\c\Wܱ\\w\T\'\l:\Z\0v\@#z\#\\q+?N]̻\\OJ\\\'iAtAO\?\\\0Z\{\'\F\?\\0\yo\c(\\S\\+m_\\\n\\\\&\Jǃ\\Zƭ\]!M\'[\\T%\󑁸cu\\4\bMJ\M+\w($`Ttc%4?V:w,A;u*:)>\r\+n\\L\U{GKm@\n\_Jek\Z:Ʋ\\\ۉPpV\"\w}ƽ/\PZX\kO\l\#sH\\'\P;\\粏ɊW+#\\\\qҎW`\M\3CԿ<it\Gw.AO \+\<3$\\\<\\\Ip*ҏC\0\l\\\6\,,\+t]\Z\\=j\%\c\[MCFr0\A\ \#\Ug\\M[s\^!\Z\\\t\/\\}pu\12\\nSPN\b[{b-nfi2Aս\\]xCETQO\y+\K\\94\<3\E<WV\=\\d;1ݐr=*%d{J{4qV.\ťb}e\\H\0B\g?,^&\,e]liR\\i\\\3\n\S\\Z-\\rD!Jc\\҃\\%\tk4+%\\Xnnf\w\:SQ[\\cY\,\\ZHk\dY$*~b3\dWI\=SPWզ\m:\\\.\A+\iiB@\\7Ϸgq\0_o\מ*{]6\\{maX亓͙?;c+H\Iݲg8\Y\"\R\\0f2G~\n#=\E\J$Ȋv$\\\TH4\\mf\\\+Wp*\\SU\\V\[\D\':\2\\\VL\~,uo\\/pO\S\c\\\=\F\\\^ҿ\[y\\JFU\v\g\SI\t\,u\m.7\[\0\:`\K9.Kј\CH{T8\\\O6\_|:\h\\O%$\\\L|?\\\j\\\.f\GϹ\59 \4A3c1CTg\0׶i|%\_Xh\v\m\XҴ\6\\钳3[b\Nsws\v/ګ\\0\&\c_F\\	\\!$\y\\\~\<KfG4{ؠk\4Xn\\%2\w۟j\O\߅{\jB\\\3)PJڠ\\uI\\Lp\ O7\0G\'%9>\\b\G\\M?uI$ruMK\~\4\\Z\|\\մGI\ևftm{1oG\a7\06kѥ\f\\t\\Id\u\\\޵-\[C\yqġW?*?Jꥱ\8\wvKFB\UC\\ʞ\%\5#]oY1P@T/=ϵz\V\\kh֩}\\B+x.v\j柤X\j\r\4\1>cRrO\Ҫ0mXNTyW]GW񟇼C\f&HtV\\ \\\+SC\V\os<\!J)\u:otM\"{y\KhHv;{(\\[\Zf+\GjS\X\\9\q\\8$vLEǕ#B((H\\\\\vS+\\4Rk.I4}r\")J \8\0J\Y7\n\\Ѿ\\{\B\e\XՎ3Q\dXկ\ru\5\~k͹r9\0\\~\\};T1@.\\$g\\\~\u:)L+ʐ\\\*yt\r.y岌6g\?p\\ \:lY \G\w\Y4R\mΉ(\X\6Le\'\?Z\	t)K\0\\f1ZOB\n>Ѧ\6r\\$~\M\\P5y|SƷ1\iܰ)KCj69;`\n\=z\¿\\z-w7٭\"[&v\$#\b\+\~i|vrG<r÷\\9 gNJ\\\\\I6(l\ŋs|wy$cϯu[W\\\\\^\"\9%gl\	\\\ڦu\:n<W2鳢,\\\\W]ܮOJ4kh\ǧG\Z\\hv\0X\nz\0>\v\Nc핧pO\T`~F2\3\\ZJôԼ\Z\\\\\C4%\\\\1\I\s^\$Լ_\9\\\0\\r\m\\\\<.F\Z\-6\\[hV9<\K0\\\\\\\\Ƨ>i)=\\nC,y\9\\n-Ec\b\\4\]Kr\Z\0ù#\'Z\\=*v\ZB8\j\0K[\X\\\Be\S^dH¡D\\v\HqT\\\vK,I\\q_?7\?Z\b\^\xk\\S\\?\.i_w\\))Ey\'؞Q6^\\\\\s\K\/I\\$ea\j.\\\T\\YG.KO\\\\|pXuz5\'h]F\Y\6\<GZ\li%^\"\}\\@W?y\Y\:\XB:N\\!f\\RJ֚Ν=Wo6B?)89\#z\yG|˼=M\\5;q-\2\\\2\+\\ZNA\Z\\\?J\6,=+>mt5Q\R\m\'JC\\ԍ9?r\?t\&--.\,]K\@\"~@\n\zL-t\\bVHÜm\\ҴT\\s9ˑ\\Żo\js%\ʸ\Y-\RŤ9\]SI\%r\"A\>d>\0[@B}++\\\Xו\n\\\q{\\q]\'b9]f=\N*\#F\d\0ʽhytj{\Zџfvƒ\\\N\\QQ_\\~\3\BIP2\\'\}9\\n	]r\8+Ӌ#M\W\5\a?~5\\z/ȑH\\DSՠcs|Ͼ3FUOz\\\\"\EHv2\\\'\\Q\\r]h\\Gz\;\kz)3\4ț*G#?Zxb\r\GZ\0r26\8\HI4w.W\Q&IV\\00iROOZyf+0:\)ܠ8\3؊F\.{ր9Y2r88F\\\47\.*N}(\0]\u{jP~\\}i\n\*8>ᗏf\Z\aDRx3\R`\:\\0W#\Pis\U\ \~~n\U1\0>S\\q\d\<\0\\e\젮u=W5Z\?\\~|\'_v\\<\\\4hy\\z|\ƞF8!G\\ֆ)\|Q\\\ֺ\\r\\"lۄ\\]ֻqe\jhY-\h#\DQd\j\ֶ \>q\'\\eeS12\#\t˫i\\[\$gcFܧ\=\Y\׉fM/W\\MCZN\#,\\4\\vj\O[4\\\ϋ\\\8\r\0k7\}6h\\0P}B⸒IWq\\\\0?:{\-&\\Uw/\%\\o\\pf>$	\[Y\\\\pc{N\@\V=\Z\z\\B}P\~LaKu9\jK߇zf\+\\EyP\DIDj6\;O[Yxmf;4\3D\U\r$\x\\Ӓ4_\\\\0\\HH\њà\\k2h\SEx\\\E,Gs\֕n@=jE+`\\\\%\'!X]#ޥ,|S\Z\\\;\6i\Orn3ʽ|\\'wZLR\(ؖ\7h.n\\\q\\]G\\\\>ÜT\OR\ƥj kp_}7\\qJI-\\\tO\Lf\[\Fkc\׃P\Z\V\\S\\\=\8\;_Z\u\\Z@h9VxgmE\" \?`\\\\O_ij7\=\\\_;\R\1\\\ӊ\֖=A[\>u.[\+ǰ\\u\ZcFCGB{T\\Z\-%\VreU\n\YW	\sؚ\pxK7R\bh\3pr:dU\/C8\'\x\No]\k\"\,t\:+۫Qۢ\V B\\\jWں.\\ڭwv\!\ke	N>I\>\-\-K@\>Ӑ9\\\RC:\:V \x-!HA\0\A\~\IX\xkĺ \\Oj6WcԴ\[yo*zn<\\KMu#ɡ\\=Q\aK\\J\'L_ygis`g\\[\M6A-\\\\\\\\m~*^\\-\\q(b\\\Щ>ꮅ\0\Ůu\\Ŵ[|ݫǦkA\0\Zl\\K\\mH\\?1\'\g@\\\ci\䗎d#\w\@\\d\;\\\Zί\^\g\\y$|\'Qi-\\M_\@\f\5{h!SJ$lb|C6xj\\Ś\\M,גڨFmޅ\\B\^V\N\\\8(w%Ԝ\j\^k\ZVw\^\i\\%\\!\-9\0c5;8Yx<c\\;;F\V\\Q\^Z\$\fc9V\z{\ͭ꺿\#\+/\ZjZU\\n:M4g*z\\\]\=#V\4\Z_խ$xW-\\\>M|	C\\\ke%\"n\c\s9f\/kO\]GV\\uYw\*T|`}k\w\\[X\Rjm-\ޤ l}\23ҽH\\\2m\Y\0g\5\\0Th\\5uP!]n\rvsqT\\V!J	<W<QX\^%\SDb\0\\+\\0g|[\\gMS{;Xd\mf#Dvn\q\6N\=Ev1hv\x5\=ķ)`,B]Cn-}\z\~\\.]\\\\v\\r*N\\pqA8\ҢQplp\V\\i^˨O}\M=E\{wl18=9\\:֯9\\\\H$7\\xIq\\Z|&Kyo\\Kտ:u@F\0\1k_\\\涶{n..X4H\\\0\0UEN)A\CP\\1A\4,[r\S\rK`\F;\ۢ\`+>f+K\\\c<d\jF1\ \nX\Hۺ\\֮\&%c\0\0\0\s!\'dm8+\"eQEd@<\Zn)hO¼׽7C\o~\\_g\g\\0\\\D+\>\\\\\q)\0={\Wx\\P&>\G\^WyrmD\	G\Ezo\9\0\#\k3\4\Vu\\\6=\*̽*	u\ϙUF$0MtjQ\1 Z:\E\'\\\rZK$\\\t\þ*qePYcڥ\\"i\W\\0b9*J\\宥\rv\q\N1kn\\6b2J؊4\ET[W\t\&w\i\@Z˄B}+ \\6YLA\nqX6\;\Z<S\nW8ſ\ZxŸ\\0@USTpjB<V\x\y\0qWM5\M\:\Y|8\^qR\v.6C\6#֍yu#\6\T\!?#V\\\\3\a\\^:bU\\\0\n\\E\0Ѕz7\\\?\?\e\!\\d~UR\gN8\_\\Z\";\\\x\'5\\'</ym\ˊЅ@G5F\wcW\0\\ҹN\\F\\\9\\S\N60}\\ q֬`ˎ\n\r3hPC0\@&	V\hs0x\0!\W;z\ZI\:fTN\ѿr\%I>Ɨ́\i\pW\P2\ph2;\֐.P,y\8$\\4ޘ\\@\e;=\6%\\RI8\@߅\0T3\ =j\\\\0:\}\F\0<͜ʨX;\@6\=kAـ$wi\'\r_k?\2}O#[1?ڥ\ǢsWs$CS\\(\0xӶ\\dQ\\0 YY\0-\r\\N?I\"^drOMQ]\\[,3\0֤\\0\0*+\\hX2db\oCw\\#ԵQdѣӀpcz`s\5Wo\M?JĐ\ZX\\\c/_3\ZL^\Z\\ož\/\.,38\{Vނ\*\u(:|s#D\\2\02x\*Rf\{׋Qh\ڣi\ˍ6H䕭\\r<ltR{-#]עS\nm\B\U\\\9<b\?Ih\\2\\'b]\_\\QM[U3G\\\\8a\Z\(\)~!\R]xrkg\䷷}T\S\\\\]o\\[jW\,\r\\\\s\^A\\Y\\Kk/K[\"\\nSS睧\\o@mÖZ_$<xi\{I?9iݓ5!\*pF\rjHN$9?Z\Nܰ\\u\w8ZEUOSm:\Nwzld\v	\nj0^\kM[I24BAF\=J\\j\3c\xs\3_XGfH\d\\\\8\3¹m\i\{k+{@]9F\\]/4\Oϧy\\ݒH\t`\qߑXw:e]\\x\\8@\0\rk\M\\Z\qJ\m\[\?U:gh]\\۳A$&=\\ʜy\j\r\!\\z[V\㷱+@`\'%ʓ\Q]>|uq\\z\\VMc]r\\\\]3\(#zԛ\\WDz8\P\"]\0(\2ʶ9-3\:\ƭc}w\\-B{bEo:\[89(r1O\\\\\\*\S\\5$\"X|ܣz|=\Z3jm\Z\\[\[/#I|\sc\?\ˋx\Ӵ\\'N(!pK>N\\0\ބ\rӶ\\S\6\u\0=A\gKWhcu}=\\HX\O?\E\\0е;\\N\gK{A:9\\\w5>k{\u9y\VY\ʶF3\sU\Hr2A\\9.,t\WdgޛT\(R\~@\n\~b#*\\n;dU\W*fUu9\M\\ZK\\\'ޤBHP=*\\"+JZE\\':J0JB	#]b\\\{\u\W\\0\Uvb\,i2I\\\ӌRb{b\\TQw\\(8u-]\(VQ@RP\\\\\\־cQ㎵\\}\\1w\\𺷵\0Q)h\7>n1\0\\\,\8糹\w\u\xCU\ZF\s\=?Z\\N\B|@ibПQE!r{f);!nE>\V\\7r\%\g\1\\zWN\\욻,_Nt\<rK\.\\_mb\t\ s\\0rO+X\³E\rɍwy\'⬋\,!mFB;+NY׵\B7r0\\F8\/\0]\:熫LwQu\q\[kq=\X\\r\Qw\)3GQY\"\Ɠ\d\\Wqs\`1,,og\f\\ntW5Ḏ\\>\p+f̓+\ڰ\H\ҵ\"r\\2\^\>\\\0{[ƹM:q\0\5\\\\Lm;[\\\\gu\Q\\\\\z\_:\%Fd}g\zUۘ\Ȯ/\\Y\\\\0\dEP\\lcpS\\>\\R\N\9\\\/\!\\"\ \ZхN\؀h\\\XaU\\\1\[F\OQOM\8\\QMՁ\⤏\%yS\Z\0w2upq_\YNFQ@-r\8ϵq\\\\\0n9$+v\9>U\o\\'۹p\0х\"\Q@G\\0==\=wT:\nʆPb)q\A ƀd\$m<\q֔.\@<\\\"\W\4\0829\=c(㎠Ԁ`p	㚍\n~l\^_\jιQ\93\\8\@h\'iy\LE\"\qfXsqZb!\0=|\'H+_\\\0ץ\\\'\t\\Z\0*\\0˻~\'\\/\\\\\4\<c\\ rf\;hM\dB\j\\\\\\K5\0hXu\YF\G\U\\̶S.\Y\e8#G\\~?[\-\H.5{\\\aܘl\A-ܓ\],-\ \J8\wLX(r8R\\'К\4߇׺&\\o,%f`\%\3\\\n=0qE\\\Zmn악\ou|\%\\A*b\\`z6j/.ܰkC\\\\:LB\\V]6\Fq!,\щ\Ҫk\5M\Z\\N\n\P\'e3\\s֬\xF4\\f̺\H\\\1>\F?-{KM\Xo\3$\\q\ޕ\%\tx\B\\[\dp\\V6\ʹI5\0t:\\j\ZxTvX\\̠\F2kԾ\6\L4KY謙e\rnX ԎJ\\h\	\\Dxa\\bdءO\%q\\OP\z;߽\Q\#*l7}\\sZ\{g\0k\<M\\\Wz	c\vY%&2%bH<qaG\*\ET[34,@> x\}zz\\D\K\'Z\?khɣPE\\\]CRҭE\\a\1{֋g\Y[?A\y\\\Wn~c\+^kr\*]_\rxv\Vݮ\ܣ-\\\Xph\\\\]iWp\I}r\\G(\\0\5{\M\\;M\s7\')<\0\\Z\ӴZ];\w݄\-\ѕ*p\\\\\N]w,\^)׵il\]ZX]{\]Ud6\\s\\x{\\B𦩪ip\ћ\$o*vH\\\=\s\\>	-\TSk7<\j)/\l,e+ydk-V\Ty͍ǁ\|\\\]\\'Z]6q{5\@B\Nz`EG\lt}\ZM\d\XtKhcc$\"\\^&\|O;\a$\Q\\q1\\\\0dV<^\ViV1\m\rZiqF{b\ayb1O{\%c_+6]in.eTc$g+AN\\[\\\ͫ\b\\?\\W3\'\\\rKVHQ\kjg\0\\rޝv\MWX\\\\Z4z]\g\i7\[\\\\^@\\UsH^\X\h\ KIm\rKjePqN:\U\\Zʚv:uދx\\'R5WP\\\\\\\\\\\2\N\WH\Yd\'i9\G2F9\C\tK\+M:gWpCx\,q{\\\\\\\S;\R\Z\cy-r<\jQ\\z\F\\o|\i\[Ko62H7U\r\\\\\\g\\'\n$j\\\i.\l\\\G\0c֥\|\G\\ ״Y1ClV\F\\\@\r3J\){\?KL\흻Ⱥ\д\$\s{u\\\c\/_\QĻΆ\R\P #\\\s\\y\yT\\\cQE[(\\*vo\~T\\PT\\TKtiqҖ~\-Y\(\0(\0\0R\Zt\S\'eq\V(\{f\>VVl&0;m(\qQEdS=\|\{zM\kWa6s\J\\{\n\Z_,m@=j͖<\Y\R\\\ʼ\׽\0J\V\\^^e\>\/\0/\\\v\159A\0?Z݄Еe9vZ\\u9\sUdRA\c^uH\圗\>\:\r,\_,w\NV\\\fwqi\cj\+͞ƽC\<\X\X\A\n\etzxj\q/Y^\\蚃$\0\\$F\\u\\\\}%2c+(\VjYAF<\ԇÑ\I\4Fn\t	\L}GS\n8\4q9?ҵ\\cE\nq1pӭ\\&%\\\?\+Z\rr\%(}d\Z\`w=+\\\U\}ZK\ʞ\ֻh\\s:#yj7\@y5\HQ\$\fK\1u\\*\'\cn;{Vj*\К#\a8Ä\Y<#\]oF\Z\o=\\rvL\~sf1*\L\ri\\q\#\>1Mr-:\z|\p\\5\\0\n:\\0a\0\n\v\q\ׄg\\~B>fI\7\\\>\0*y\\\n;]\\;2=\\Lg\Sz|\v\_\\J\<\l~\\0\\Wc\OJ\=\C\=jDVPy\\rǜg5\"#}\\#\0)=׹\\C\1\qG{u\\+a~^P\0J:\׵!.\\҄8 P9_b\HT\z\=A\\\0>\vA$s\i\\sޚ	\\g֜I={P@mx52&S\Qʣ-߱\nӃ\r3\k>\N>\}ܯr?P\q\\"$eD\5k:\NW`\\'h\\\\׊\\p\\\U\lӘD0Si\\+#{\7#sZ&\\F@D\{T\cEP}M=R@.\R+X\\u\\6i I\1b:`\؟\Cy\\\\Go;L\0Q\ZL\1W\\ese5\\\7CfwAv\F:\6[ųq@$P\\\k\?\\rg\zV\\r:\\]H`\hY\\4^gQ\7\\\W\\\\(#\GW2̻@\\sQvj\\\04دE\\7l2\\g4\\~laP\9?\n-5\o(ڕ\ί\5!80|ϼ6\\P\\\\}\\\L\\Ѥb\"\\\2]\9=J.O\'fzj\Z_]N՘8_=yN3\`1MmWNK1x\\ۏ9Dd\\\j\KH4\\:.\\$\t`s`=\YtMZ\\\\\r\0\b\\\\&hb lh\b\ҟ4>\/c\|S\ϧGqw	]JM\O\0=kAo\$k\k\9CZ\jVf%u8\\'i\.!| 6\8,>7-.d\巒\[\k{hb7.\	\<R\e{5\\\-+\	\ڴ\d$k*1@\\\ݍ\0\W\\++I\Eq\'E\H#A\\W\\@>M6\⣰\%\\^\t̸+y\\rj\\\\k+\G:z֕hȷEs\wU\3i6W\e\\}R&x2ܰQ\\\3\;&\8\mVkŋ͜c0Oaɨ)X\\_\r\[[YgG`\b\0\\\s\\\\[_\>\MЈ\,WH8rp\\\֩Ti\F\7\\'\\iE\);~\(b\9\:U\=j\Z\tDhӼ8\N\ܸ9\\1\{]\čgg$\\M5$\̇kDF1\\+]V\\\<Eu6^[\j\Igd\>X\	\\W\Zɕ%\M\O\\Zf6\\48Q[\\\\\\V/\\\\\\\\\m\\/\"\\<C\WW3J)y$	\v\&ӖP;\;V\r\xǚF\ZEϙ-SJҨP\\3M݂K\ji_u\m3A\逎\?s\\\ǽAq\7JW\5\w\\;-\\\pİ=^\|?K&\r\Z\\?\<NKq,\,x \O\O\fu\mSYY4q+E\ \a\\1RNźt;OǺ~Agoa\rOjhto8yLp\\\\\\M\T[\\\r8Zt}\z\\_$-\M\4QF42-\8\\zտ\t={\Wv\\U7\\8\_{8\\\4-z\\Zy\]ʤ)c\nI2AG\\x5Ѯ\0\\	\\\\\\zVnb\Xo\V\Z?5\zwٜw\nJڃ\~T!\X\U̅\Ȫv\\c\ҁ\T\BFq\Dr\-O\BO\r\0R3ѱ\sy^\x\\i\!8\".\\\dtE\\0M;tq\\\V.Y=j>&=\"{\\IZ-\n\\n2}\<?AR41\\{\>^\-\8i\"c=ژ\3\<zP;с\i.\쐟Z\0\'\Ҧ[p\\\"]Ԋnk(ܮ\7\\3^\xk\9@>If\q\ב6~\\\3{_w\\n+\>\\\\\?\YF]\l\0$\}sWX|F͏\_\]\\	\r{\m^.\]\'c\!\\^?ҽOW.\\\\\Q\'֯b\ȶS+\\&}(*\\0q-\[)\.\ֱ`\Eqbgy\t;0aw\\\5ְ\Z\$?t5\ǯۼyYP³ȇ*\N\q\\\\gmk\pL\S\U]پ\|w\N@\+Ӡ@D*y	m\z\0\:h$\T+üQ6\[8㐘T\\0\n\\ZZ\'\u_\K>\\U\|L\\rf\˽*\rzhd\Y\\0\\q\1\#ҟ\\\w\\\\c\\{U5mz\Z\\4\0y\\Sᛥ{wN\-\'>_9ܪ_mc\>E\\_e^2=\\B\\\\0\?f\0z|Ն\	\0dח|*\n\\[o0\BHDɂw\\Z\4|\7qs5OPV#\'\<\_2glg\FEQ\F6\\e\ȍ\J\}\8a\\A۷,9\0\+e\3\WP\C\\w\8#\\H=B\\jle~V\'\f2N\\\\L搒bON)(r6\oƀs&G:L*O(\\;O_Τ$̿0F\=\M\0O1\H\\\8\\\G\=|Pm,\\lc3K<sARI\\s@q\9\\s\\$\$\5;q@\\[<\ҨN8\\z\\\r|Bq\\\@ɴI(@W\T,pU\A$V\|\\0\\L>\\wu۳\0Xd\\0֧\Z\0\?z]դU\\ϔɺ\e\]\\#\.м0\'p\A\\\Z\?.\Wj^!ץռ[\\+\\\,qے\0\$7\'$֎\}\\ϩGo6i?e\@I\\\p=wq\)3ofzh\]\?\3N\\\\\W\:\ևC\\\.\$\bI6\0\5r\q\ͫ\\F\f\>\/.igwe\\\\n1\\\c^*\"\\"\\\\Ii\;s\sp{{@ܤ\krz§w=\d\\\R\(A$\wIհpH\0SR\C\3ӳ,\6.~\Zc2>\<~T~`\\p1+|q\5{ԍ70NH\\\0\;27`\y)\G?-Ĵ\ZV%\F\\R^#\\<ks\\\'\\ _v4Z\{\nL\\\6\zai]dox\0l\P\F\=\H\㼇#iϰ\יG\'W\f\\V?Nn\J{mkW}\|\\\ڝ\ɴh]_ŧZ5\\\(\\\\\\xIӯKRA\\-\+0\\\\\\v3ԛ{\A\\0\t\'Ʊ\px\7?\:Lwg\:vf\n\\\nm\x\\\R\Os\Մ\d\.\~oٜn\\\g\u\]&ͮ\{ku n$\'\x7\|CY@ѯ$7r\(!2\\'\0w\g5kOxA\4;I<K\Q\dutY\\gO1^\6zX\\w^\Z\ɍO*6FFj;\:\\\\}B\	\\0\\)&P\	\\^?-Ě\\}\Z2%Λ\4\f#\\7#*\5xgRRiZK!S\U$\'\ǩ\\r \\qWջH\臘\=y\\\}J\v\n H\\\\\3e\\I\'̺\<\\82D>j]>\{\QI[!qw\MvDfbO\\z1?\\!;~UlC\\4bh\V\њ`f\0ǥ8;/CSy\3N\4\"\\~cސ[\@S\>Փ\\h\w\'a}̪}\'\T\2Hɕ6׻ʬl\~ҘT.dsR\\5MȀ>\\'ۓNG\0={ӣ<|\ߠ/\_E\~u-E\w?\i\2\\;G_Ν.}q\\t\tzW+\r\1\\\_;\־\m&\\\<;v\\\{s#\'}\W&k\S\rN\\\˹\\\\vv`\\\V\r\mc\\͖\'\汎\Sm}\\\y4\\r5˗_Y|-\\#ti-\\\\s\\|\\@$\ޗȅ\i\1\0,\\o\~5\¦\0j赑\\+֟\\\r˃~sQF[\ZͿP\\	A\	<Ր1:x3g(8\y)n\n\n.h\Z\\ZVX\v\n}j\i\\܈\ZAԒ\(\'#Jt\Zyj%UF\1\՛&M\\\\cǈ\n\\ܱ\ qS\0Z\b Z\gz5{\,N\n?tP\آ\un\\\\$,\rF\Jh#\>ĤϢ]Gs]\9I-\g0[T\\+\0g{\\ZP;|\W\&\\7\XX\[\\\\uUo7\m`v\uw\\p\Yډ[T\ڴ\\Xym\\kB0iT-ܪ\r1ZB\#9N\\{y\=\QqQ	\z\R\ع\LP\\\\bT\0L\\ckPr\\\Z\09\A\S[*\8ܤdRBS\=۳z}(Cg]{)RG<f(S\\\@	ǧj]>UGp\qE\nt9\PH,o^\\sTݼ\0s\\\Q׶(6U\\5p0OjѕJF*\p}h\v\㓎qZ~X\$γl\n\rh\ǶkC\0\Һ!\u?\=\\R^\ߋ\Zi6㌭F\G,g\S\\\RXf.\R\\+k\5\W\ruh\\N?\^em\\>\\Pig]\*>c\\{\\\2h*\6qnR\ݗ1$\˄\;3r\\g\jўiz~+a\\"\S\#\r^3\:\\\\2\U+KH.\x]\sa>0r#k:VZK\\\[I+\'\7#p8=5$t[\'ܨ\<v\\$Gnz\W\^&\\vt\Dwi48sɑq\.;w\\\_\?	o\VftL2Sa`S9#\1{&n\\F\-5;[\\0\V9\\\\H^Yx{Vm/\m\V)i\\Gaf\n$@\\z<E<w.fK2\\\Y\NJH~\\\C\g.c}`\S\?\75\Ƹ|+\=fku{\\f	v\l(x\Jҋ\S\_EDׯΥ<(8c`\>x\>5_ğ\s	ó=84\@\⣺`{$\Q\I\W\\M~\\:Fsx\\q\rՋaT\8N1\qP\\{jW_D\\#\7\"\{\s\\Og!We_26\ߊThwr\ך\#{]\}%6>E(\d\\\\ {tuj7:-\Zյ\\Z<w\CA\d33\\Ɵ8{\'s\qcc\N	\0\n\[g\\Z\\\n,c\ \Bg2\~\8Rz\-)\_\W\:\渊	$\0f8\\>n7\\7V\\C$M\\#\_jeƝiq42]E\DsM\ZCꤌ¹?\/*\c\ez\8I\\ni\	Aol\ϕ\9.3E\\;]^\]\}\\6\\E\\v2%h<\>\\Պ\\K\zqמ\\V>.|u\\\%έ%ĭn\\K\o^\Z-YNԯu!y{\y@̻\r\s\?\vK[Y%gWwx\ye\[8\ǵ\N\;te\\0V?\Z\F\x\\01iv1\qW\\0*\}\߉^.\j\\~|Vz(xFɇ\э>b=\\]q\"\iS\\s5\|&C\0\n\\[\ǃ\\]~\J/r9I\([K@W\;i\\"\ZoQ\\\TQF\\Gi\0d\Q\\[\\sOC\&\o\4	8\\&\\e\8oq\[\\!F\\\;Y2\?p\\@\g\i@\\b\a\\Z\5\\\r;\\\03R~\=\\r?kj\S\و\0qjQ|\0\m\\0|\\\\0\\\̯f\rz h\\\"iI\~Ul~\#D!V#\\\8E\Z\\N)\\Zm\7\ZFN\=p6\Qt\A	Ғ\>X\z\ F\G\H~\\GQ\좐yH\\o^\[\qJ8\@=V\wF\s\+\Zs+o>(\#r\z/\K\>f\\t\r\\\\0uvV\0\ni1$\۹\cOa\\\"!=?Ɲ۰\\lOɯ\?o\b\\l|\0q+\8\:c@]ԡryVGI\_ƅS\\tcQk\\'ߠ_ν\NT\#\F:Í2l\\0,»ȡ=\3Ӧ[0N告\9\-\.qotU\\q\e^\\\k\Y4}$\ǫZǘ\q?:6Rb*Ɯ\\ZXn7\\9yu`[\\\n1|aW\\ h\\0HFXjK%4\t\/,х[dF\>m\+ңM\s3\\TR|%\jz4\\\1_\I\\evr=+\\SF}]1\\2?\k\{0$9f9c\i\R\M<\0(\\Kޛ\Ӎ\0z\\̾*նO\G-{\\\ߨ\x\\	\^\?a\0\E}~u\r\khlqU\_\rS\r*,\p1VEoʩߣ\\J\=\ڜ&\W*ڰ\O]BJJnI\t>\##9\&N\\}\I#\*8 2z=A20GjyPe<d\hʨSӌSۂ=iw\T{\]`:\+\K1L\7w\\H=)m\\\\<\ʍǞ{Ӱr8\\JI\lz\\G4\0>3\h\7I\ʕa98<\@\rp\rF\9\\#AʃϽD\ \\4Vb\;j\\N\TaTˁ@X1\\\\\*~VW\nk6ľoS֯ePdz5t\K\ژ\I\G\'\A!\0\Va\E(O֑VPp~&1\\\khZL\\\\\\\B\\3S͠i\wr\\\Z<\E\\#B?\zj\m&V\?5q̶wF8\ 8??a\\Ծ!\z\K8&ZL\Np<\\\x+.cf\:\r\eR\\H\9\F0G+{Am\\\rT)\02\%=5\\W\'h\h\r_\\Y$qȫ\Gծ|@\\\\K\~\bKI\\i\\;}(\C\\\xkH\+&\D`Y-\\\Wխ\Q\'\kE(Xzm\j\SĺΩ\\_\\6a<\2ʀUc\T#\ޣjW\\c=IqM+a\3\EХz4A!\"dhQ@ڪ@=:?iVq5eo%\\"vS(=Cs\\~\U\5\m\Ōְ\Gl\\̡\"O\曩\^:\\Ea%G&\02Ub}\N\r];LHmK!\FGB\n_\7q\\\\2})\\'\\\\\\0|JƤ`TenK*AV\Bm\\6g\a\/\"A&s\O\҇ڃ\ۿ\nA;|\\\֮2\9\B\0\4c\#*nǧEȄD n><TsIhm\Fʄ\\n-:mp=OtǢ(\HC\_+!ݔ\\,\\\\\[\\C>\\֭\e%1\\6.ޘc\}\ *\M;[럵d.\\9\:Slvì\IeZ-Ŭ\<6#ߨ[P\\}Z\	k\\]!VEa\0\>$j7\\R\\\gGh\̀Ƞ\\&}\'\\ZZ\<Akzd:4ӽ\\m|X\#)6f4\\zh\ZT\Z\t,E\Le6`~Y\\jV\1%\,2\\!%\\rs\WQ}SV\\Z\\>*\hĒEqf\\F\\9\Z\J\\px\T\օ\\%xbTv\08\n\\I$\\\\\k\?!\\R\Y\\.@2d6\3\ ¬N_\\Ⱥ\\\\\nߘ}8\_x\\\@Ҵ-n:\T\\a%\0t;\0<\8!O>\$\\e\\\R\$ݑ\J\\)FV\zvc\\\\P(g8\\j\eOGӼY\Cájڃr\0R)\k:/ñ\U\|{x~!\\x_DUm4\*@|}\\|\|;\=g1|\c{\i\\ޯ{u\\:\%\#\\\\\i\$Ԧ\5}/N\\\l\\T\\\\9)\Y\\V\\J6]8=q\0\^>\\5-P\m\E\\\i\|\\!&<\\$\\.\d\4-Vc6\\J~\[)?\\h\D6z\\ʩ\0t⼛\\/WkGsm%U?`tb*y\\"]\zW\]\\=,}7\zO\n_\n\Gi9-\y${>~\of?2	k\Kc\i.\-\us!//\0T\\\\S\mGF\C[ŗR\;\i1&\x\\HL;\k=t-𲏣bz9\0\$w0\J4r(em \LN\P=֩za?\ra\n# _) m>ت\\\\S\7	ՊAhP}\9E\;\\"I\3칥$c|1OO܍\\ڠz\N\'\\E\\o\\ہAI#\@\\"_\C\tS\\\fF\A\Ք!BSd\\Q7s \_L\)eq\Z\x\bS77r94\\1$|\\h0atϸǧ\Mm\0K\3Rl\vv@r:6\r\\Ɩ\omʹ\\\_?375\1D7$sϹ$\0y҉,u\I\MDfԥ\\\J\\\\4\8&\u\m\^\g\u\O]~\x?U\\\\g\\h\3jFl\ţh\\D9L\\aqT>\eٹz0\#\yS\ӱ=w\0Z$\T\\\F\n9N\k!\#D\3G\"\*\,kr\w\\Sm#=#Zȿ&\rĲāPDFZ)ad\\m\0_E\=M\$\c	\̋\$ӕݺ\\r+\\\\\?\MO\r\&a\\{PYO\9=9ƿ\ry[\_\7[\bX\	\yF0ZLuzo\\I\\\@\0\4\'\au\\O&#m	JǊ\?g&>Nm\?&?g!\֯\0\4r0\\9\\\\[\'\#\0\E\\\00\0k\\O\xS\\\\\!a2U\\0zWu\0\\' zunjJwBUeF\dU+\(\Fv\WH=A\0\Z(\Vi괥\\\"$g\֯Dl\\@\` r0:Vs\\qҹ\\,X\\\T\ű\\\Wp\0\')\nV\\@?#u;\\c	Shm\h!wn\0.As;8\'#w׵vHO\\Ҕ2\0l߁,\(s}M@U:\0P\\#\\03\;Q#G~\یz\\0H9v\3sҙ\ *Pq\$d\r1\\0W`\ҳ\\\\߭]X\ڨ\xo(M9_\cگ\">\7)P\\.2JaZb!\]0~\\U.qLnz|zRq\}\\Ώ,\LB\h\OI<\q \N\\Oӎ}\\\\m}wl^iZUY$t#\v9\\Ծ\Oq\n\\g\	\q\@\L\\s\L\]\0g\$R\x9R?7\\Ҧ\8_E.qo\-܍\:9F*F;b\U:\vJgIE/\)\XZ\4k\ŝ\\b^gT.$qV${U\&%\ir\<l\w3o;\kv&\\ᛝ@\\n|۷\\\fd?1 q\\nе渱OiϑG^\:\*|GY\)\to:\\P{\r|\>0T\\-\uF\h\r*h\jk7l\\\\q\\ƽǀ\[\\nm\\\#[3(=\\\S\\m\\y\Ŀ\\\\(\y9\\V\\4[h.\c\\̗\\8>\p?R=ư~\vDqM<\hX\0v\!H\\\i^ >lZV$\7g]\\{p+վ&Agy*\ۤ\Z\\L\Iu\j\\NHN.\߳\jO\\\iPwhT \TF:\$vjу\.\2I\\0\>#IYAy[Im\/7!\pr͎\noSy\\\,V\"7\\\nU\\0\]FE\Yy!\'\\\N\\/\4˫\\\b[{\\\^pm~!:^\	\\ZR՜:a[ۚ9#Gp܎۪\\\\\PF!\"ɴH\\)\9\Z\Ѽ^ڎmay5eO18\]rֶbK\r?\ҙLA\xRylA\;\s\$A\OE\m\n}.\\Xn\\1\*ޥ\i\;\xY\(e \X;֮<9\\m-\ms	V\p<W6\0n\|W\\-żh\>1\\Զ5]6tO\\\EY\Z\\0i9\\.qӽ2\ᕜiO\u};Jfi\\[ r\|T7pz\\>\'\_[En\m\wDW\\N\Np8^}s\VDw6\K\MM<~\wc\\sQ\\N\D\0\5è\v\Vv\\Q,\[\M9=\&/h\Zq-\\2\?\\X()\\]⼀\\\\4\\[w\\\\9\9W\\Z\C$[\\Z&T6껎;UI\\'\\b\\,a$V\s3?\]\N\F\\\?\\B\khi\Z5Ad\0bMש\}S\厡^\Zjs}ki0X\	$\	u\5rUai\bD }2(\a]\sqj\Z\ɒ\Xm\rHA\6\V\\\`X.ݓ\@Wx\\7\\޻P\꜏\O\\"T\\\^)4Rg\'s\\\\Kͦi\5Յ\OŜ	X\\H<\i~i\-:Ϋ4\s\\\\n[v\\0ې\\rvF\\sLf\`\\A\\\\\rE{\]\'[{\ẔFa\"9\V,_?\k\\t]V\if\\iI\\\\+T\r6}?\J#px\QE#/@\\@\\MtYo*:\ېQ$\\PV_\\\0Z\\^W\tn_\0*r\0*DYTrn\0\S\/\_\\0@\\)\F?Ƃ\zF3q\0I\\\5%e\ԓKF\&?\ZaR>\\\0)\0i؇!X\"\\[\FP\\E9\/\칥fh\z\'\\M\n\(\9R|\p)v<l\EE4ln\\0X_ier=z\nk72\\\H\Gu`3+n\\AHi]FV\ӧ\JW\\ǧAK\\\\\SHD9rYw#\{\v>_Vq\\\n`\m\SMQ\\d\oM;	g\}\TV[\rp	e\\(l[S\\\JydP.Þkǧ\\Վ\?ͭDW\2O8|\\=O%\?g3\\\X.]ٙ\̬0\8\]t;mK_\5m.\\y5FuD\\؛\cL\<=\}3\kw-W\rim)oe@\">r{\0z^w\'uoi~\<MexN\\Q6+%M۳\\\\02:\\\m\:߃l\ۻJD$\\=) s1q:\	\E\\ƗmuZܷ0.\'*py\eZ|X\n\\5\m2\A\Zj\\'	m,p3\J\Ѽ-\	\F&\S\iWc\D \N\3gW?x\\Ҽ)\B\\SԖ\\~\닧(v\Y\02\\94W,nw\[]3[M._	\%y\ʱy\#9\5kPi\"\tK\{\\a-\BN\5k}w\\w\Y\\։w\\\=\]ޙ#\j^\r\w#\F^=\Դ\-\2Fzw\%ru=C\Zկ^\\{{D\\nC9H\\V.\}KWҮcLF{o\KQ\Zʹe\y)MG\_.Mu{jcĂ\\\?\n\\\r\'U_\Z\uax &\np\r\C8{0Z;\\\0	\"Grw\<7{\\y\*\0\+KMoQ\m\-wRM(.dIb]\r\\ӱ%\Fκ$\S\\Z_\O%݁c\\~\\Z\\jV\Z=\٤\\41\\\\0$PFyI\KA\vW^;\m|o\Y永\ \ e\nH\9\=Ay\\\\>\"\u}COZ۬gU\a.6\rr\\\\"\ \\\\\Qɖ\\\Sڑ\-՘󜚛I\xCƾK\,\|\\o9	h\	;pގfÖ(\|3\xU}4\KN\#\Vc\Z^\\0c\0Y^{/h\4R\\*0\cPA\\\@O[jK\\\ȜGLu\v$|\Z~>\\S\\0F҂@<\\\LOMm\\0a\T\bt\0m<\5i\\\b뚭\NYq\Q/p:*B\n\@\W\BqAY\\x$qB*\\\b\x\iʒ\L3\	\n~\&\HzPI#-\\"I;y8 E\G9#\.\{ve q\85 c\)nF3gg\q\@\0\0pW<\{\Q\zr=i+\$Pv\O\Ccnp3\M\\{ҩʒ\04\07\Aiǜdq\HG8\|\ \\nO=\T.:q\~C\\*\ʞs\@(F㌊\؎v\6\|\ҴL\\ϡZ\\qUl\T\\\~\9%ħ4\|J\.\Ne\r\\}OE\;.\\\0hdb+\\Zs\InE\\Z\ݵ̖\\\ʨtnA\ޤW)?\\j\=N\jB\gy,1i\Y_\]ƥ\}?J_Kt[ks(F\#v\\r5ԏT\.x\Uy<\-Z\\>\U\T_\Z}\6\QkwEvw9\\ jѽ\&\\o4pC\bÀ9>KH\\xKK\m{V\кX\\A*\u k6m\\m>\Z`{\\ߠx_]\\\_5XX\\\ \\\ l2\3ٹ3\\F<\J\\\2\\\&\\0u$\\Z\\0N[ɭnЗX\T\؎}\*tc\\9뿆\ש8}V\yiQA\Z>\TgjE4:\Wj\;y\\@\\W@*}oHVd6ms6HȮKP\|6:\ͼW\"\\ϏL(\\f\\\>\\\k7v>l1Et\"Tv\S8\^\\5mf=Oڜ6q3]\r\\w۝\\k񭍈mZg%>E\>\Gk5\[Xn@\;\= \E\{\2\9\MZ\\n\ᶺ4BƁT\*8\i\xns\hX\sUtv\\\4Ol\\'\0u\\' hrC~\\I\\Մ_\O\TI\o\\\\c[b\\cTF6\h\:\\4oH_\דkiH`\09\|\M\\Z麎\+pq\22m\ŨI4;\u0\7\rj(\Ӵ\0u~c\\\\-51\r\Ճ\6\ \</~uOT\,\sȆE!v\o~\Y\"}\\$\mC\CH&\\\ng\$p߁\Z\\\\\;G\\\yWw\rw> \\0\>%\f=[\Fb@O^\̯\7:\|=wa<P6y\\A\\OJ4\5̖\\\~ \\$Y\\r)4׵)n=G\+#Eg&\6Sj\N\0\\\py\WE\o6\Mc.\ y	P0 \K\\Ziśi3\\i3\m}G 	o$\6X|\$t\zop\\\Ce\?\S\19p\d\\\ltK\\\Zi\[\~{yg\)\\FўF\\<TJ>O\\y\\W\'\\Kl4;\\ֿ\Zhԋ\\\\%{n)\|\0\fT\M\\}LȻeL\vu\is\"cf\'+\G\Kr~;\isi\SJ\\o?\_1+\\\gWH\w\8|=d\H\\p\}\'\pmd\2h+c\FRF\ZI2\\ZP(@\'\Z\\kr0G|qH\Uܬ=x\(WVۿ#цh㓕\r\8І۪?H\{\5ލ\\3Iz\0[jI\q\\?\\G\\H{>Oihd\0\E\0i|\\0`7~v:p=q#\c\nRz\UX\\\jhM\Fğv}hGP)\b)A.\nSȒE\=\Q\\F{\q\\nWE+\\W\H\0h\2\	Ώܩ~c\2i\G_\)6VB$vE\\UF\\r\\\\C\p\\'b\T\נM\aHwsz\\\0\Zze\\Ӷp)\{AU[)\N\N\H\\\v@^\̱\.}y>\{rh\cY\0F\_\\f(|\\0_?v	#\KV5a\\>\l~\\x4\U${\1\y.ц\r0GLfe\E>\\\(𿈗X\4Y\N\ԄbxvU;\#T7cH\u6?t\v\r>;K\\\\-\\\̙܊wg\VǉMc\M\ZMKXX\PvF\'j\x:+\\\uC{\_\r\k;&\"\\gss9\Px\Z\Լ;\'\\K\^}~\{I՞\8\KFT(\\{Л\W\8\\{Ȭo/֢\\Z\Zf3\i{^\.m\ܻ\\lue%YXEqH\4\L鬡\kUF\V51y9\ZZ.6š\\f\͛\\\-\I\\\rr\Se\\'JաKMJ{[\$yު\\O$\IxH\~tO=\\A#\\=\\5\ھ\<\&\Ωoyi\F-\)S3ۙ\\\\r\5\\<9mh\gm\\\y\\\n0rWh\\=(\cj\'Qx\H֛Y\5\Ep\n\\0S\9횏Þ9\.,\]ۋ\\Ђ}G\\\Za\\Z/aæK-ڛ8\Q$_NxѾ\\rΧ\]S\\!\.gX\\\ r!\'\2qE؜R=|\h\)\\\\nB\\\J7/΀6\\\<u\V\~\pՔuH	Tz\\O{\auѳ~)\F)U\?6\\'w\\ZQ\x4\נ\\ Q)]Ă_\0\@5OQXlb\vٚA{ȣ\n\aH\ZQ\nsUHl0=:ЅwFA|\\;\(G\\Q\R8`6>_9\C\\69+\m!8\w\\r0sޔ\\<ny\}GZ\0v\\m铑H\Ӧ\r U^A \4!VF\\\<ҜG?{H	\vY=E\0\)\rMe\0\+\h9)\3JA\h\0ns\\\֢r\Z=ʼ\\H\0pA\J.qhs\JϟG\Z\ \+GN\\0\\r\\1\\\rm?\0z\\\r{u<J?\\\N*\dQ\\\=M\r\P3\O\.\C\'\iJ\\\\Z\\I>7\\f\\\w:\\W3L\%<$<x\0Ƥ\~K5\gwg2\g\roGbZޡH\r9\r\z&Îeo\\@p\\\gʍ\\\s:jqO\{cHw\'I>ư[\Ƨ&\=\\ֶ-j\܇1-\\"2\8ѷ|\?xO\\\*h\\?§\\\\\҅E\W,a5r\\Υ\\mF\\]i_\\Ţf\\rs\\Ղ%G?>\Cq|T\}\\	\\?0X_7nv\8늣?;\\%Ytyfn<\\Z@\s\]Wu\0\(\w7AE4\\n7Qȷ0_6F\?\\\Y\"\\ޓk}\Ҿn\\\?B\\`\#8GC(\\\ƜP\\\\)4֧\\\rb\\nS\vpO\1@[\\\^\'\\0ݵ\5KIo\X\ \$\U\r\n݌e\iwHz \\Z\\ӡ\7\w^\Z\&qf~Ѻ\j,ET9\#\溢$\\0\4$\\>ha4\n!˸]\O\MF=V[<iW6\ϽIi\ܻs\sȫ&Ib;|Ԣ2\e\SjN\?$\-|?r|-k֦\l\n\T\988\qV\0\Ce\.VkF)\w`w\ǁ\\0^0\rzc\Hd$\!EoғWԥ8f\\\2i\Q\^[=՞޻)\\H\\v\YK\SG;#XQ\	b\1\3y|\5\ٌ\&\vS|n\=\E+\󉭼QB\[\ǟY\\\8pgd\\@\<\g\W\Ze\\kz-Z89\'	u\9\\n\\G\'\\Pq\\\R9=:\BK\w\?h\mn\0\\0\a\Z\n\9/&9\\\U\|\֬\\\E\\5h\\-(%#ٌ\\\0\WD\=ןҐƎ\p}(\=\9it{\\]uV\\7\461קzw4\MO\:.u\rDHu|ۢNWL\luݏN/xqBx5V<\\Pd\\\0\8DeR\ZR\oxS\0?4Y\4\0*\\\mz\Zd\\r\-4[P\8F\9\7\(\Ի\\\\m$S\\Fd§\qALB񟼇ͱ\\\+\z\Zx\7:#nZ3\0H]\??\\*Q\Tf\\vm\/\Q\ǂ}0\Q\\~ f\IFW~<Ҹ\nճG\O\\l襨\.\=_ENd;MVDձLH\0eh\z!h\>F\!~dv\P/֕\w;\=	\k,j\z;\\\h@S&}p0?:iL\~)\O`ι_L\L\\ڤ \#ǥkQd< \nJyQ\l\RoN\#RTrxYB\$\'ߠ~\U_4y\П~cɴz\ni\?\ǽ tpw>1\KTM\n*\\-OV/ʣ\Z!Da*sO֜S/\!\:FPU@\%qUt\J\X\!\,nG\\\8\SЅr\m>Gcw,U\G\u\=R6\0V\\\T\_}\=7n\.$_\0xS<\$>bq\\l<\c\FJH\L\0J|\$\eO24|!.\#+~_*D,	\H=?\\	#\*Á\0\Vwcī\ßҚPJ\\H8\Znؤl\ޝ\vw\av8\jb6?QJZD˻\?JE?\8ocR\\P\\Tu\d \=W\\%^\Tur?󜊙lT>$R68\'\_\\'r\A\gۂz\h\ё\\1\Y@\n3\\ \ǸV]y:Iۏz\0\\g=2	8zP@\q\8\\rA\49F\2(mx\\')\=j\0p\\rt\\?(\z\\d\@\07\\}(t\##jq*\z{n\Q84\0F\\\!\p\"<Ў\89$ƀ+N0s\\$gИm\\pMQ1\\\@`:|\u\\\\0\~udȻ|Ԟ?\\꿝t\\9*%\\I\\ߥ!y\\\\0:\Hr\3\)\٧yqOฤ\\H\\i4F=X\\\'А<\*RsP$7\\؎)\dLe\0\CyErNXv<\\\j\\\.Ӆ\\'4\\\0r1J!mĳ\R\/\_\\\	%n\\\Ӊ(_v\ZIl.\\4\!Ff\0h\\s3>\!?\\H\.\xX\\F\[\\rz\\\-#\qE$\\c\ܰ?1S\NjF\v\\ȸC@\d\#y%0\0>-3\epʠ\\\0\\0L~z.24/\q\Z\\\dSY\\\\n#\)jRxdU4\\1N\\84\HĮ=5<\\\Zgh2$\\\\t4ℨh\nE8H^=z{\9Z9F\0\\	=\"0\x\Ul#n\B\tR\)z\u\I\#\\;\Ыʣ&l8\n}\\r?\`20\HAw|\\g\\\\\4\\\U\\\\2(&UO\\5g\2r;o$xt\S\F\\UX^H|m\"v9wK\\0\ #c\X\^㴴cWJ÷\\\0ԟ89\\\\0\Q_\\\0ץ\)\0\0|\0\\GfS\0}\>w}\d\\ e?)P!<\ǲFF?V\]\بC\0A\ړ+-G~㐠\0ddҬ<S\\"\SGn\>\GӚz{\-\eدz~aS\q\\\\VMұ>\\P@\3a֐\Ұ\W,L` \0k\N*+\\0;~\\\\8؅\?)hiX\SK\nIg\\\0\J\!\\T}2P\\\T\&\,\0\Ѥ0\+dz\0\\$8\\)z\P\?\PՏ?#F\~i\\)\\z/0(y>Hm1C\\L\0\刕>\SZgo$\kk,\$q\\&\Z&ވtH\6\\ \O`G\=ڝ\ H\¬ӪG\0L\xr\f}V۵$rW\\}R1\$L\cJMc\\ҳl/JI\\\B\\\-\,m9\N.\3\a^\QAr?\7p\\KYOMcİio\sl\jr7>F\'\\q\Ω\i\GE-\\`\0\\u<\0\$\n^.\_\\\sȊ\\zf|m-\k\Z\\\?\_E\0w0~CKhl\"\fS?\\2K؀뱽tȘ\\cv`n_C\\0C2.\\?z\0FrP~\\\.D}G?\bmd9F\\\4<\#\)[1\zRlnu\\?ҝ\\D{\r\5J\V\|F#\0g\5J<%R\\jWF\\{\nv\\EQ(\\\Z\:t\\\N<\$\P~\9\Ȧ+ 9ʞS\6̮=2cF1\r8m\H2s8;OJ\0i\\O\\	(G\N\\"e\\\'4.B\p\\=h\!oCJr\穤98\":q\\\00\\0\ҒE\0\nx\1 `V\rTn@\yȡm\51+ߡ\Q@\\Fey_ƴ$8\T\\\x\\\\\7AZb\o\k\p\<sZL\Í\z\9kh\K1\\Hݝ}\9]XN}ȩwHG\ֻ2\\\i\,\/\)Β2\Tc\f\7\8\\1#n\>8-[1o\\T\p[\nnf\S\qJ\(\3#r0\eA̯\c\lv\0X1\A\n\\C\0\d\\`R\\8QȤf!Bcyc\\\I\8HW\|\R\n>\$r|2q\ΚNh3KKm\(\4\O\\М\\2\<:\!?\w\6F\\֔3\\\\"0?\o\\\}j\rn2\0q:3/\l\U\0j2\?\;Mj\'\+\\@\\Z\\\r>1Dca~Tc\"=q\;\\<\0ѳ\\Q\ܧ\Ʊȼ\\Оb1C\<Q~F\SʌGSy\\\OP\ʰa\\\E\(dq\rUon\Ő\Ƿ1U\}Oѵ\[\z7\ܭ\ZLR7?+}6v$_ZFp\\FE\n\0ۑ@X\ZB\\fUY!=\Ӄ<LU`})2ؕ6\ҙ-\\"H\\0\\?\4\\{\\J!@7\-\0\Z\+}E(6\pA\md?\\yTzT~MN\׳\\~\o\ e$J\0_o\\\Ӂ~tX\Y\\0}\Z[3ص?S\\\p\Ȗ䁭\\z\HazqCe#l~T\\UM\#0?(\9$x|\S\\1Me\6OMJ\r<|\4\\~\m\@|#\\G\\\r\0\\3Hf\\*1$J\0$z\Gri۸&Zc\˷\0l\\\l@\4\\0y\\]\"4nIf\\љpSɤދ\ƻ۷\JRN\\=haFyXʗr\FX{\nl\Z\\=ZV\rG+Ρ\n\e;\n:\7)\"uQ\\r68\wb=\\\aE\{$VZݼ`*%\\\\k+ºi\\C\/\\~\\\2\>~W\\\\c\\=Ecx*(\\\\=\{ҥ\|I+\}N\|\`?\Hj{\W\V\\0\#&\\0O?h@jѪ.\\m\\ \΀\V\\5mN\+Ul\3H\0lg\~\\__YJEk\\o\"ݖf\\?:\\м\giZB6ePX#\=\?\\n\HmB;~Ҫe%fݕ\0$\;\JN\-Y\\\rB6\{P\\7\9\0gR\K\\\\'Kd2*p\d\}Ms~\"\\]gP\\\",\\KƸ\\̊59\˞>]:\0[Ҥ\\\\\܋Cn=\n䁻$\0\Jw\2|8T<v搳\\|\c\0ץP|\\\O:66GG]\\r72\v\:(ĩ݇#\\Qca\|hRv\\m9S\Zx\xc`Ī@\Ph1\\\\Qq$\2Q\P1\ʌq\W̍y)\5u8\;\Z\n\\\v,\0!үDıܠ\ީۅG\\^@\9\\\\d:GJr)\0\֚8cS\\\|\\\8\\[\84	\C#\\#\Dgi#<zbf z@\0Ts\\08\,6K烑ǥ\'7\\d\\w\\0)\Q\\4r9\v6\RrSA\0A##\0&U\\M5\ɐx\KqHÌ\]r{;UY	\r\\Olt괄m\=Pe\k\*kKݘ\wH4P0 \TY$ʜQޚm2ek{Ɇ\1\0Xpܝ\s27LL\P\WJ8\%k\\'\H\~a,\0ri\wu?V\<JZ.)\F1\DO\\\F\A\3L2}\rx\\\\Dy˱c\\\C\#X]\\\\jE\v\S=ۜ\\W6\\\0MS\\\O\iBm\8\p\ПZLh\\Zmϭ8A\\\qbF<_`2i6č\\\\W*B+BG\њpy3\ǁ\\@6\\\A\I\>4\rh.\OV\\t\4E&C\\R\0,3\\s!^</\\057\MoΜ\Z۾\T_\g;qT\IM`;df/`ߥ=RpezR?\\\6\\Pvȩ?1\"\&\?Ґyn߻;[\\T	[qKđ\\HnLsE.eNq\Zcߧ\\'\hGe\\H^\z~UC\o\vR\4c`U\\\O\i\-آfW\\\4\1\\cK\"2\\\=id`y\Ů*2U\\Rrtg\Sc_c\AV\\HvЏ\\\r\1RcY\sI\ã:i6\ 7\ՒRPxpG\0.eS\lR,]\\\\IEk!L\?\FǦ(tyRG=	By\\Q*H1\9\0\Q*A~t\ʨ\*4qa\~\"\d<1¯\\jLMؠ\r\"\ʣ\\ѶC\\?ƍ|~\o\ʀ\\Q\\H\.~Ц\0\P}@\$j=X☯H\\PՎFP\͸	?\;x;۶\@}ƴ~X\銕e\\0\ZHݤ\nG!4!lgҁ\\\0\Or:~t⤮f|\Νa\\:Қv##n~\\nAf\\Ԍ\nB.e~=t\\n=OZn\"V%\/\\\"-Δxڿ1\\0\}\\KN\\{e\\O\Xd\0\'ݲi\GRA\q+\"2\oB¡\\JA\\5i.Fon?\nw)(\\0ja\]\\\8R\;MKli$;2\\0f\j\g\\\aql壝XF|Z!}\?\.h32㒿z\n\)\Uj\d\|\/$\\3w?V\\LE4*3ۏҖ@\y\b}D!2\\'4÷#p*{\r96:)\\0T@\\̹E=j\r;\\_\?OҔD8xc	ȥw=8OR\\\\8\=G_ʐDa\\\/Syv?\Y\w\&_T%b۲&e\\\:\,e.O\'/\\\\j\'\e0k	IɝQ*%>z\Z\ZV\0z\Z=˕aێ9J\vS\{Ԗ,NvTOZ	$\G\*}\r8wS\\@\n\\r	\I*\\ba\\@\TC\4\0\p\\a\ҕ\\0\\\3@\\@H\:R\<7O(C\\>Pcz{ӳ\\q\y\\s@\HmodJ089*\\n3\(p#*7]˕1\Rʿ^1keX!(y\@d\ qUAⴤPN㎹\Z61:\PK\2r8>2E`G`FEjx<U\N6G\0\\\:u8y)?7\DmU\\\b3\6\/\3D[\٥?\\w\nAo\\֎ywg\iq\!\wq\\v?jqH\H#(Xu\\\\\A\Ni\SǱmc5m\m}h\a\u=\\#\\\񩁀\0\nA\\\0cG4s0\a\\\\0<\MmDGv/O^\ҐZ\2;G3H\\Zo\0\\pr٧}\\\\@\\dd\ywgÿH\<\0z\0\>mUAAm`2zQ\\\ǰL}i#eEV;\ZO\g9rG\'\Ld\\\0\?<?ϳ\0\\=GP\G3H\K|0\0\nJc$ď\\\>N\"\\0\w\j9\=ucq\pZڎ\\\'\A\2N8m\csK{8\\\\:/X|pqI\u!I\${jac@\Y\ly\\Ha\(H\\97ʹ=jG\>\\\\&\\@\O(`t\Z9#\o\Cglg>\> \\A\02\[pA瑊9\\=;\n\q\#)W??L\[U\\\)\z\h\a\\ϐ\ԇT<Q=\r׊Ql\Xt\G3${A\\"\nzu\\Hm\o(H\\\Io \\\\F\\\\\\Z\0hk^F\n\	w\ӭ\9#\SٜDA\'\nsj<\#[*09қ\ezG\\={\\Z1\\*jD7_\`4s\{[f\\G4\\\CpGÞ\)\as\ݚ_8\>\Q\̮H\`\2\0\P\b8\\4}g \~\\\\\)\\\\cѱ\\r@)&8\}	h\n48\o1G3g\W\XKg\\\1\\:\i\0g]\.y=e t>i${\n:C}iN\dBN=\Ёy\g\\|\<j\\\\3J5l\s\a%q\jFG_\9c\\\?A\\}\Hmb\n\\G3${چV&\r_\L\T=\Q\aۧ\A\0.sӊ9\=>őpGP(۱\]\j>\w\:$\g\68=wsE\X\0lA\֛\l\ ?\gϔ\}Z\\\E}i$Sf3!ʎ\=E\9#؄\<S=ҤKlqSm\銝b\'\\%\\\E	\\J<\NT\4\0\8\\K`0=\nA \Lc@\(\=\r\r쫁\E)A\\bh F1\#P\\\u\p(J7\N᎜P\+\0z\4~J\\Ԫr\AS\ZrB\\(\nxV \$\f\y8ە\$P\0W\r稥##izI\)2c<\:\Pc(L\y\1sM.C\*\8\8@#\\IZ\0r7_Jӌ\r\rNϭ7e#\r\0V1p܂8\\"06\{ն\)\SvI?\0S3H\3\\r~l&	\\\Pр\~\nM\\\cS\0\:*\R@o\=Gj\0\E ү\\'\oCdcpHAӯ#\AgҮ$\0v\R\qҀ(\F\\83W,\+ޚ+p\*~Lg\ >x#3B+\0N\?Z\0!\\qJ FǶ@X\<\r\'\\?\Q-8*G=@.\®\\s\\<ǎ\\\0(	\)\/f[\9\0\\\+F\N\/$m\0w[\qڮep\\\{Rya	\(ǐZC͝\\ZY@\\\'\\'k89(\w7\Ү\9\F݌pz\\nîsȡb 1S*p\EVs\v4G\	v>sk@DUr3\Zo8\\!my愄n\w\\\\r?J\0m\;\4G<}}jᇦ\Niv\\\\@\\\'֜\\9#^e\}>\\T\?)\ \:\D9)%{\\9\<9#=;\?\')RA\\H6U\r\K\GJ\0媱\q\$\03U\n\zM0m\`㨠\n\>i>\6\\\\\\r4\r\q@,x\jO!\\4[\\qȧF\n\\@dV^ェ*{\\Ee ~4\-q{ހ)uC\_ 2\W]\y\K,eY]\@P\\\)\r\\\\,(\\i\n\?\݃\rz㊺S,r:h\8`J\_\F٫l.\ʀA\>@\<\ \'3\℮;s\!\\'Mzҗ\ܹ#Jb\6\q֏(G~\Z\0\"%ѳ\:Ӗsx6~01ぎ\+ay\0\"8gGJe\AB\p\Z\0\\i\rݑ\\\!YC\S~\>NX|1y&cNm`S\0{\\)Dk\d\\n^ZNzm\"ې9\=*i)\0\\1\ːqրǅ\wR\_Jn\\\\Jc\\\0\pFq@!\A\j\\gkzg@ y\\pz\2A\(p\\\pqNg˃A\0id=i~lq@\r\\\\&yi\*\\S\J\0b\0\'+&In?3\\\e\ܐN)\C!c\\\(-H+x9\ (G͸}i\J\<PH\`\\)\ sJ+\6l<z\n\0Lc;s\\F\\\ 4l\ӟJ\0C\;@>!J\\րI-\0`J>~x\!\gNԁI$q\J\0E\F\}\&6ϥ<\\׽ v\Z@\K\\qO/S\'ޔ\Tƀ!T\qyEe\g\ӾV^\s\:c===i\0\)8\\\@BqN\3\zy\\݃\搕Vċ߭\04&N\$6\n|\&y\\\\\8>\:F1\Mx\76\OoSJ\`:\yT\#G=\\\\89E\0Gn\zP`\\cNm\\P\n\\4EsS\֜6\\F8ڻ1\\0\p;\MN0I\R\sX\?\Wwϑ\}(h~\c\'\+ހas\@\'$\#8Y22LGF~_\0 9_\r!]\\0\8s\h%JNE\040H8\Q1sdANP\n\\ր\"C\c;t\\`\S\UcEa\\\00aV8\\mހI\q\ԊC<\l\;\y\\O8%N1<\Ƞ-\Z\0j*\C(9\ ZBT}i\zR㞔\0\\\3\q\\(\\9v\A\Jcr\Zn \n\0\9<v4\nx#\i\\\\0@\84\\\An?A7\pds\0ox\\n\\+\\ѵ\\SJXj\0bF*z߽;qln\N;\Ap\\ZʅF\w4Mwg9\Ɍ\\5vT}\03a+\dc(PK04\m\H\0$g\@(qI\BTo\\)eA)U \\0F\0\\0FHjQ\\4q0\0I\'\ \g\0)\0A\H9PX6\#n\R2eH\x\\~\O\\\\0Gd\P\F\\\\N+(G^\H$z\n\0h<\ۑ\!I}\@\W֐͸\\@\r2>kg\Lv⟟\?)SB \\\@{+\T@C#\04\\\s\ր*6\@	V?7qC\"2\0iB1bᇥ\"o݆ \xŪ9a	\O)\\1\#q\(-\<c2\J\0\"\\XpqB\9 J	 n\KzRH[Μ\\\@s@\\Ґ\\=Gjx!r:֚\#e2)b	\n\\0\\d2\\a\\\`CR,/\\\<\Z:\nu\\6z\Z\\ሓz)F\\\gƀ?\','81336657125','permanent','single'),(2,'Alif Akbar Grafidi',_binary '\\\0JFIF\0\0H\0H\0\0\\0C\0\n\n\n		\n\Z%\Z# , #&\')*)-0-(0%()(\\0C\n\n\n\n(\Z\Z((((((((((((((((((((((((((((((((((((((((((((((((((\\0]&\"\0\\0\0\0\0\0\0\0\0\0\0\0\0\0\0\0\\0\0\0\0\0\0\0\0\0\0\0\0\0\0\\0\0\0\0\iW\	\0۞\kmT;Va\ZuoM\)j;t\Z)\\$J6 \\r	\^T\\\Y3\riO*!G\i=р_TMSl`H1*_.Ҩ\]jh-JS2\VII\\\\-\r,@ЗMk@9S:gNFɝ&\\0AQ^,\!\Zf\\\U\|Sy\\0X\\\tpOfd\L3E\ae\.\S\\)ۼ]\Td#T\˦M#\u\NY3ԫ\5u:êN@j\\\"+\\\B3KBw2K\Zg\\Ly:\\ax19v jv\qffl:\ݪrYJ54]*\:E@\͊7\&N]$B4\\]$\*bLgNë.3i+jv\`hW\=\;&#\aq\eg\\r\\Vi\rV\'ɲ\|!O,}6,\هHmi* u\\b#\\\& & *hH(R\\')$\t\\RXuW\ؤ\нqJۣ\&I\*jU\\!&9\cs#^\b\2\5VE\0\"nUV]\c@\_\\*\YU\\Rh\'9hzOxfa	\\ug]\|\1]\\ނx\\I\\Ζ\q\\\>\\thqiIa\\]\KLJskf\$DW+^Hef\\IN9\zY\7%DAZ	צ:\\	J0J̂0ASs\'_\?u\4\F<=Q!\'26p羅6\rZ\\iA_L+36ڬ\**OVy\\¦t\^\\\Ʊ\\U\\rٵz\3֥}	5}+\jޮ\w\QI\6vr\\\\'Y\Z\Za\S>\̈́\\q\Wƴi\˱q\\\W\\2K|\|\\\坑 .~KLy\JӇLp4\xte\N3\i*\\`6\&\\q5N\Z~޻\\$\\\\xa4\)\\ܳ5\'-6J\\Z$j\vfb#γ8煪\=%\r\\D\u#AL;\U\iO\yJ\\Zqw\5\-y\7RUA\\wCo\ɭ%sE\!Q˶\9;\\9ѹD6*\5m6OUVu\j\i5oN\"\n\Rp&\O\ZLa6!}T&$]]^\\1\&]4s\\z{:E\\Bf\\nIƵ\\C\\u\\i.n\G`\C:qX&t\6D\\g\\@huLXڑ.0\Բ1^#\rk\#u\)DD\+T9UŠĩȎ+\\0\\\χ\-.>̋:D\0ܩw;\\\GN]L\:^垭\\JFu\\\}\SW\"ZyԂ\ u\r&\a&xNL\4\CZ4z\]\Bz70LBN\*v=W6Ch\Z1o\Z\hc+\\9\J \}W\Ƈ?g_\oy\%սTə\[w\lU\\\'yOt\&xM\\WihWŧUX\ۀ`G\v^:\\*\"(\\Zҝ\*̍\x\\|\Vz#2ra3DdQ\0 \%	B	\\$S\\\r\e\\ڬ\\\dg\4͍m+\\_I\\\NK\\U\o ,\%\\d\	\\"\&c\\\\^\.a\]\qY\DWntγzTc]<G\\rFY\`2s89\"f J!\$\	VBP\Zd\\\[VN\\S۽\!\\J\\z-\\R\\0TpMJfe\\~T\ȫ&ZFsW^W\8\n\3WD\\nec׾)\\f\ޮj\N4\H#چ.\\GPY\AbUXU\-VDM\t\0!+\nd\r)@#(c\<\,տ>ubNJgj\'1\zu[Zߊk\\Z\;ƲK\Ku:\p\Ў\1]ad\r\\@9un.st\)ę\Z͵nm)a8+qZ\j\\aDg@$X\u`*b\\wUSʍ9m\o]yk72\\la\Q+\_e\Oo6O0e]2\\Z\NZL6\J\pITi,\ySTVj{Nj\f\\m\\\@2\.Ǆ]>zޫ\\c0A\RIiBM\rE\k\M\J\\\h\(UYn<\4\'m\şZ\ǜ\\\\Z3)mX9sMT\W\m3J%\Z0ǩ|Su\\D:Ysօ.T\(J\\HА0f\12yn\ʝ\]D2I\BI&ѝP^v\\+5AT{r]>\r0	E!TN\R\y\ܮ~SaZ\f\uO\I\I&2tqsS\\L9[\5kMك۰s^\SȘ\L3M Í\\r\.\6NsMB6$RN\L1\2s	2iI\\u\vpZEfjC\"\$\J!$)\\$.\S;\r	;N\0g#!ԒBZM\'iƦ$4\t7	E\o&$;w>n\aJ\roü8qh4u\J]L@JCdq-E\ T;A\\<Z	f\"\5; \\v2I\"vCIӴ\	:Iv&,MYk\ԍ:nWkcH\'Qd\\)).B\\p\72@h$6J!&NbDiI!$\N6rjR$ӲvN-Úi\0L\4f\Z\0vi\zN\\k	\H\\1AMdiqOsl/\\&\qHrPp\@f5)@HLQhh1rR\\\d\'ff87t\.!	x thn\\Z	DlQ\GFc\e\\\\0.\0\0\0\0\0!1 \"23#4A$0B%5C\\0\0p\	\s\d\\wL\,3g3\;\;\\rs1mh\4\4\\;\ tkoy\3\gu\y\u\qqɵ\\gyy\;\;Zw\\1l\\\'xN\\%\\I\Y\NuQW\q\=MD鮻Zɨ ̬.J\yհ\\\\l\guCn-\Rؗ#}f\:\rU.Ar96ʨD!\oK Yé}S\~?A\\h|C\\A빻>]td=\\\Zw˯\\\\\_q\ڶG-N\\\"j\.q\8ŷ\0Ϊ̎6S\\Y\*\\EY\\3꾵\SSQ?^\Q\F\\\\\}\]7\Q&\-@Z\V\[\̊\\\ʫ\T\{\0U\El{a	n8[X\{\\\+5bVD[%\E\n\UAmZuw\~멮\T|%\\\r\+\oz龩퇝}s[\\'\"\\_g,@Ev`;-$\Nu\\?#\\弬\\\\	\^so<\nr\w,E͑v\qE\'\w[\a\ƪ]\\nk\:k迤\\U:06\qXЍ\i\\G\\\ʩSSrc\a\\컦>:f+\PK&Nt\\﬜VK\\\1\o\cB\~-|1\&p\q\x1\\Z}t\M\\555\M\\q|\)\Wo\'<M\\Χ5\]u\jo58\A\(\6\\8\\_+w\;ו̋\l%l\\0\O\wj\«fK$6(\-Ǽ\\j\\vFA#rOY\\S\"\Mg3k?ůU(wr.k\\\Z\Z\c\ONBګ%m䕈\\뾩9y\9	\Mk\?\r*x3;\x*)\]Fñ\0\n\\C,3\Cܿ\2̺\>E8\|\_\bd+\sOh$U\\,\\N;U}ϑݖV雚\\Cӑ?O\?\'\0,\,\\\؞\$NU\\a{\\Ni9\X q8z{\_rq!WQEյܭݾGԈ\'\\-2o\>F/y+o\v\e\bڏi\\kъS\^)z7\]ewb*U\YO<~X\\\Z\\\k*l\\~\n%X\\ZqެJ*\\&f\0>\\\\\\\=7\\Fs3>qYLE\цI\'.tX\j\cE蟯&oC\x\\\\\Pg)ę\+\nr\\0I\~a\cFKr\eԨ\n\8\Q\\ߦ	)`k%\.\.vS-Bu\\V\I\u\^XE+!/\W%f \\p\0\>_ⷺƕ\\İ\l\7*k]Mn\>\~]Wu(\\\Y۩,p;+qqwKo|\w+\\cUe\vLr\\E^=x\\ˏ`^&	M\[\0\}x;m;Fp\"k\6迩a\+\[М\l\\"2BH\!z/{\tW\\\\lSvEk\Z\\\@\.ّZ?̫\U!\uM,5[z\Er<NMA[2*\\\c\r\8Bu3\\U|x\WH Z5\">.\A\`55z56v>5̽\"\݋?[sS֖v\hj\\0\\v\\\c\\)\\e\Z\\'\Z\+\vT\^Vc\b`i~(\n\S\n6\",\@\"a1[h\S\L$L\\l\6h\A+Ye{D5fR\s\?LQ:]\\mʉ\\\I\Q\z\m6.ݖ\Xހᙜ.)^\@\<@|tޑB\J\:ےyr^\U\=1\\\\ \Z~hH+u\\\\'\\?\\\$W-,ڭ\\Z\\֕j\|{=6qb\(<S3sq\\˶\\Y\[]Z\X[S_gǶ\*\\qsk(Ɇ\ru\^\{8-V\\)B\8>2	\\d\VUb\ȟ\QB\ 7\C-<&\d\'.\r{\\\\P,\\n\p\ln܅WH\d\U_+lJ\T_/﮿\U_/\n/u7jey\b\0\Axx<d\02#\>)\Oa\b{_Ėc\\@İ\Ƹ-\,\\lvf\\b7\\d>7\7\\\\j\]\0\a\\ոߐ\\\@Z\:\*\\0͂7o˩bPquG4\\5Y]<,b\\\_\\\\KG\U\n \V\sqZ0\\\\\O\S䆳\V!ͬ޼|\0nqg\l\^\n@>ex\)\SgnʛQ\\;sZ\B\'?ǭ&cr}\DydxF&eVn\q*}6&\|[;4\pȚ鹸i\|{z\2AC/SpB|js\Bll\\0z\]^˿\\\\F\K!\L]9l/qHLw{\\dX+\bq6 \\qlV.Hs\UoUY\CR0e\0\R#\'#6bS1\НDa\nV\y\;E~XE;\f^Gbd\ox\\1ͨ\I\tEĶ{\0\Zۧ\e_q\\z\*\\]~fYcn\\\a\T\xlN\Z\\|?ND\X߰\BL_D\t߂9B\w\\\	\ў\b,\c?\\\ҿ\\\\'\\ z\*D\Wq}d5\N\lZ\\d[Mt\\\=9I.V\J\\'\r-\Uw;\\\y^\of\3t\r\\\\\&V\btM<݋_hDeW\\FeN;m}3+7R\̪v\(\~\Z\\csYձ@aq\\\]\칾=,[mz\m\\ePUM7\k\۾\z/\Z=\<\cL,\e\0\ҵ\\\`\X|L\ݞO*O\\1\e-\j\ɫKSD,\J<qod\{9~+~uאFbk:u\0E\[\|<=l\N3\nj[Sф~4 !\"3slQJ\\=l\\\\fUme9-\ð0ô&%/]\7\0Bgf=߈\iQ\Zp^VPMzF\ \\'\Q?\h\\n=\3@N]5\0&p\t\n\GGI\e 9<\Q\0\\\\rt6\0e\\\ȻW\\\"W.aR\VkT%,&\S>Mz\״\Fc\[ݕ\ɫ\\|\\oK2%yddvev\\c熜:q;\=4>\roPĊ|@c\\"Wҟ\nYLb\-ù\ĳķ1\0F[S\\\\Ҝ\'KW\g\\\t\0\F;5\0\\-[ڻ\	q1\Z\'\\\0ژ3_8\q(;bv\\nNCX\\:c\\\\iٕz3t\\͟\"e\ۦ\fU`|\[F!\#%\\\fz/~fGf[w\n,\)u,.g\\,\\3t\\E3\d\\\\\?:,6\ձ-{\\L>3;,\\\-A\o	O\g\\2\S~\"?qhoIŽĸ8_nGc\60|\}*n|c{|P䫉+\`\0;bC|V|Fp؎a\\Z\\\\\0(߷_RӔ\\Z_qӔ3\@ܑ[|\e\?\Cx;=lU\\mPe\\\Uʥgɫ+Y*|\2+-\\^o\\\|\0L[{\\&|k\\qz0\N:?^Cf:fR\}xNҜW\rit\?\r\86k\=eW\n\\Է\Uw\$WV\[\\o\\m\\\\b]()jM~Zq	B6\\TiO}8\}/|@Jw\\\5	\\2U\l{\W\v섮|\ɭMY	c76c\.Ʀ\\0!W\C>bw\r\m.L\R\eU>M$-\\0`\Z\\r ~K;\v_I\6U5溭\իm^Yf-c䱸0\\\\\\^\0\\W\0Q\[\\\d\A4_=70Kv\2i\T\\\\\>Euf%nL|&\{\r5[a¥Q\\0\UL\qaů\\\*|?\.-\ҪֲF\\ \\\'Q#\k\\La`MMOP}\\-\jgGח\_Z\q7\?Vi\}yFǳ\`=\0\\\\'\(75\=#\5\\\\\\&\N>@瀊`\[NSi\/<\\_LއC.\mShjV\]o\n\\˯\)\\\PcO`}\r\\}\S\;_1GԴ>\x=5\\i\5Q_xE\0\H\\\\s\\\"Dks\鯶ppx\o\\\g}\\\\՘\vqM\32\/\NGvަn\5\\7^A5\\\F	\{\nu=؏\^\0\u\_]\\\\%\w\|e\\\"\\\7\\Fl\<\ϳ<N[\0\\\0z\t>\oS&{\'xpM\:&\~\w\z\\R`;\`鯦\\zl\͒\0n\\>BS\jk\ǯQ\OG\٭\\r`:\\\s@\5\\'Sr3z<`L\\]t3dM\i\0\ɷ_D\Ui~}7\r\\?\0]\f\z峸\\\\&/\q@w	y\\sqL3\w;\a\\P7\\0(\0\0\0\0\0\0\0\0!1AQ \"2#Baq\\0?\KZ^δY{:\u%\\Kپ^\\793\Eȹf=ȶϱr9gع$7#s7|I{:\\u\Z\=I\\\٧\)\3F\B\KX\Z\.^^b<C%q\\\\K	E\Rqܤ_\\\r,vģlH\ĽQEQ\\6P\YbPɴ\ò\Q&&#\"\\\8,ZN\\|\(/㣠=?f\8Ȇ>0\񍬉O\\2\m|(h\ÛF\S6s\e\#s\"r9\c\h\cGVt\\c\e\Z\AZŎlrl\F\\\\B\f\o7lG(\fsJ<\rW\rAq\\\gU,m)ų\\\nlxdeF:+c\ы\G\QNɡ\Ɨ\Y(6lߜ&)4)12\%k+Վ\"׬E	\\\T8\5\?\/bV\\}\\"7Q6Хx\rQf=$y$\+|heX\\G\V\\\#8<?b~\\ɱ\Uj\\\\#v>\fࢱml\3gn\\F\.\\9p,,1{\"\\69\\h\i4Ն\4>\\Z_Yl5ea\Б\D\\'\\.\Mk\6qgk\TmlP4RF\\\\p<<?\R\0c$;\sy\Gɰ\3j)B\DNf\iKκ#\\03Iy5\\)\\Z[.E\e6r̳\\\\\Q\\3\\\\\$r;\P\\\m,BvQYtR6\eq6Yl\\\Yܬ\ҳ\!X\o\|{/\\\w\le	b\_)6(\"K7~QXf\/\e\\rR\X]]:\QX\Q_\r|;?\J\%Ec4\\\0%\0\0\0\0\0\0\0\0! 120AQ\"@\\0?I}J\O\\\\\l\\IQB0$B!QQ\O\\\zt\n\\QWO\\i\\\ \#>\H*j ۉn\\$v*\<\myI$\l^I\\RE\DƹEF-B\z\gt+2d(devR\T\IUN8(l&\H\d\\$ZI5\\\"7\&SuI\"ɐB\ZD#im&\A&F(Y\ZKɢ7V\AF\l!+B7&\r\n\jH6G٬\@\PH\D\*\ڞׁU\ZdH؝)?bI\][S\\ux0`\͙\%#V:\I]-v}\S][W؋;Awp`\:N\Z-#RE2\Tھēh6d\\\B6\ݗ	\"δJ\\#Ce8(QU}M\\%5\"Q\A\+e]Y\m_}|F\yKҨ\Tx\\TSCHW\|qwh#D\ɓ&xW\l\"M¨\Y<k\m\"\E\E\u|S\0y\_7M\\.5w\\(\q}u\-$\xO)\$\I$\jj~[\\09\0\0\0\0\0!1\"A\\ 02QaqB#3@Rrb\₢\\0\0?\e\\n\\\X~~\EaV\?\n\\~WU\0E}vr^mv_E\\rWWT\W\g%\0\0\0\0-mW%\.Jp+\r?U\/#u^F꿆\Wj/*u^AV^]vR\\0Ҷo-3#ؕw~\ߕn\M\4]\,\\_T\>[\\\{\'eoE\?\C\Aͨ>\~b1\\\\\|,\^\|(kh2E\o\==\\u]WU\[DvuV\s\W}vr\m6_U\r\\V\[E\sW\b\LE\\Jh{@d\h\J\Jre\3Z@\ 5\chPM~W\>\\Z,\\\c3\D\\\2\\\wQbS\0\7\m\XoV#\	\7[\3)\\n^͡\u\\UV\g%m6\o=߶m\\.\+h?\\e+!:ԇ!f{>\,8B8F\8aB\p\\\e{lP\\k\'\4ط\&̷\J\\Gk.\H?ڋm>˲D(;Dq.O\{;,X\\E\LKSs{bV\m\춊\+h?\h+V\g5\e\\\[EmV\t\\\\Xg\e\qݭ\nk\\&n%b\voILk=ވf$P\Zqq!\\s@\0\'\3ySg8ǢcيK\\tƲ5.\Xw\3Z\\{]RC\@\t\\u\3ScJf\:+h\\+h\.\U\r\_\毪\.J\.籐٭Vf7p\\'̳pnKK\-X\\F{\`̜\fkE\\'I+\\8*0\\\ڠ\&\\"\\\\AOXD3@!ca\%\48D]e\"d\)\ni\'	XC/\Z\\mkQ\$8\\\.\\xꯪ.\.k䯮\\\s\\uW\t]6rWy\\e꺫h\+hꯪ譢\.Kˮ湮\.\K歧vJ7P\Z!5E\\liU\QO\TT~\_Ohhs&.b}\f&Y[\]Z\\'}S0\a\#v(\Y.*N&_YA\i\h~>6ZI>\1\ni>!L#\E\.#\\" ÂsXǺ=\n&\\\\\\\R\\'\\e}WEm\]]W5\\\T\0K溫ipA?\6\gen\5}W\\.\,\<\kp5\Xym5]+\N]hX\ܱV	Os}\\\\,W\a\d&1M9K}\\\\&\"\<\n\c,u^>\?\\2eL\T?\y\\/3WAK\\_\\y+\n\\Йu\\nu\\\W.\\Yھq\~\+\7/\4\\f\\\5!\-P\\(|7S\L,A3V\yq:@VR\G\]s2! Èܿ\SZ\}\YCx.\	\\"\p\'\\'ba7S\\%\\ݞ+D\\\DX׷/\\\8VAAoe\_P\]]\\\\m;\]\\\uW\_U\ľ\.\0\+h]U\^W\ZvW\OA+1\Y_Uq\z깯6<\\x\\\=Vpx\!ϋ]Ҁ!\Jk^\\#5xB\")I9J\=AL<j,Ͳ\'j۠\+h\\n\+\m\A״]\\F\#\Bi\\\.##\++KëB`\\5ͩ	/\\ \oFgR&\vf<Fa+DG\vnmƏ 4Npcȑ\\\+,57aL\\A\9aa\\{\;<ʭ\U\\n\.\+O\}\rw\g~U)\\=cA\+o=#(6\$Or\8eq\t\~d0\	\\8\x.\wS>e	wY	\YZL-\j\Vex\fP_\KM>U\W\_U\rU\0{,u\\uX>\e;\R\1@t)\(]K\\ɨ)\730A\\n\\nhhZ;z]\\E\7`@SXX	>\ n\\vXU\]\"8uۦYV\`n`~?A\!RW=  r1vs6M\,nx\\\毪謸볒~U*#\>v\\-\g\y\|WϕL\\p\\\\\T\ޠsǲk\'c/\h\\s\\Bmo\m6\]!z\\ff\9Խ3C򯪒\|mNtV\s]\0UQ\ύ=v.\E\\+PR\n\i\"H\9xRD2vfp˚\ϼ\'$\'a\Xf\"SW\\4|&4ټS\]u\m\\\_T\p\E\vC\5i74\'\wh\np\`ǲw\𪶉\\0K\OEmU}B\>{\]_u\ύzlyJE}T9\di\.\\dqE\@a\\[jBo\\-\%`umӻ\u\m%m\\U}WE\s]*\0I\0*\Wu]a;\;\\vZQ\RZ<\\QES\\Ϋx\%\_U_\/o\|9B8-a,K\r\\\\\0\\ƀ\Jh\9Z\d+F\.{y΋\rV\eU\uW\[E\V\0(\)Q\\V\\\S&XP\ߍ\\B\p\\r\v\o0	\\&\;\\n\.\u]M~TT(ׂ,\\?eI>pCvi\\9\\\\\?\\\| \wE\\D\Zp#|҄@\\\:,\2𪶋]U\W\W\SLF&\rNd\5L-*ܷ	\s\}\_d\vn:um\N\o\<6ߍ\E\fsdCl.\!\XYr:a8>X[yYܪ\\.\U\Q5Ec@c*2\Y\\A\4;*B\U}{Qub~/w\\ \\6JoM7\h\-\Z\p6Xn\09\ٍV#\\L@D\\\n׊mU\q\y~\E\{^ Gc\ \͞(vۭ!3\m\\\lV\\.\>$zmjB+\㹘P.\Hxgl|H{`{\\Ш9g\\}V\[B\Nk{ \6(\w&}\vZbQ\\\\(1G\X\\J,-\`l觹pO\V\f\tK\\r\\#\\Z(x+Z+e\\\\t\@X$\肬~^_\':Ԣoi@\V5ű\0CZ\\3tÛ\ɪsZ\1Z\ҋ\\\\\U^\\n\\{VU\\~P\݄	\\Ǫ;\sF(+\w>\(\ DР\TU\}	\W\\=J\\w\\\v\-LCkvwfwab9 ]%NXNsGM)\iTr[\r\f\Z\D\iTfp\\}ʖ\\մT\`w[Qol%N\\+\\\"\*x\* \YN}\\{*=Qo=\o;g\nYsC\'(T&R76J8~S7h\ꝇcs@ޘ4D\i	ڞ	\41\\젅Rv[g>;{ۆ|elGe\\Vnj\3\D0Lsqaln*\^*]h\<a\Z\=\?+\\rMت\\4n\J\wj\"%7xQfq\'@|\)\\56.o\\zI\}V\\ot\n\T\\.N\h&BnS2` K\Q\70Fp	\r\S\n	\ds@\egSÏ,fZ	Mxn\\,oz,3u\m2\{\rx޲sSB\r)Xd#̼\\\μ/?\0矲\μ/6\U{YX\0+xܦˁb\d\0$\R\\8\Lq\"#\HY\Ɩ\Uv\rD\_H9ijhw\.Ňn\H\@M/!\!d\ҝٚ]>Hސx{ɪx\O_\Z1\"P\#\ɘi!N-\)0\\ƟDp\\\V\\ws>q\T0\sYU\\cQ\\*\:\q\ _\$gvVQ\Y}\i\׸׆%5`\n`xsU\\tA\hnV\\\\0\cDָˇa=t1\=\\$\\@\U\"ৱ\@\\HE\\*\c\\D]fevY5\0O$Vɯi\\SvxEGSݒcQ\2=VW\\di$ވTǲ-&\VQ ޽\\.l\'R\B}<Q\\"e6\m!\\Z\0t|?\e2=ܼS7G\Z\0&d\n\:[\S1\"\\i\\TZ\ 6P\7fE\`\r\妓#\\\8o\#\2\`\\dOiR\\A9͊\87\\켲2B\\\\09e\\\6a9;+\\%\\swV^:Қ\'\\_\	\%\	\L\x#\#k>R\S޹t.rf\bLK\ncI%lY\7\L-2\Ꟙ\8\r~\|**6[Q\n|n]\\\\B\\\r\8)er\T*\\\0j|w,<\oԳbUDYeEՀ\\§r|[wy\0k\3\\ۼ\츑[\XܠMh\\pF\0\l}U?^\\r\\y\T^\g,V\,MfJ\\%o(\r\xK췃}vrU^\6W\#\겱\\j%T\rPkeT\Z\l\{Gz\0\\[N\\e\0JG>\\'\\|\\؅Q\?\0W\v\V\\#yS[\ݧt\܉U\)m\\[e%Wÿ\I\k\\<\Mv<?\۽eee\\yuP7T\\0\'\0\0\0\0\0\0\0\0!1AQaq\\\\ \\0\0?!\	\Do\"_Ԏ\)Y\3\O\G\͇\\}8\\\a\\ t-{=o}ŗ$[\\a\1U\\_\\\h\X\_-\\Y\"\0oĻ\`\\>\k*1\3]NW@\\럾D\\}o=\\\\\\\${\\\?\\n\wK,\\wg3ؕW\J\Cq܈\F:\\Z\r\%\v\J\Ꮛ\\\\S\\/_?$\\\C\Ryz\Z\\[=5J\֬g(*$,\U\hT\jEcj\\fТ\\UR\5=\\4\.P\\s\pc~0cEs\2Z&!\\\7\"kkeIt7\nZA/a[\o\+vI|\_0\\\{\E<<\?\i.\LSJ\6o\\\*أ\TyxT\0|a\ٕ\j[\P\{\\6\"ҲT_?	\B\\\5\nĀ2(˚U\hb#&w\\Z\\\M\\\Q0Stp@m-斲\\P+h\HSa9tOV\!.0f`x\e*2\5=\VµǙ0bK\|\yV\w\_:\\ξHt\)\2\tN)SV\\k1\\\\k\h?22>Ҹ\"R_;\2H\\\M%&_\Uq=Ʉ/\\GA3z\IU\_љF\n-uc\B\\0L8I@\E\&C\n\n]7ɋ\,][%\kR(\2\H7dv\Qȱj8\ZNh\"\4@hP0a?c+U\\r)\\!6襺\}{ʛ\\sq3*\\kGuwI>\+\\[\q/\M\~W\\+?}?\RixKU\\\\n\0L^?r\<\r\eHT%{K,#+a\܋\txJ\'g\_;\N\\4\\]}\3Z\]\\-Aop{\4۞\\EK\\n\%r\+\ib\f-FaԖx8i[i5:.\E\誚E`蠹W2$Ћ\	\\r7\rha\\\Z\uw\-7\Z9\1nl\]\e\S/\Ӊ\\)\\(\0	__ߡ\W\'{xE/?t\\)\\?^/+\Z{Lx\0gWNr_h3>.j\\^	Uw\\\'`\xhׄRv\\\\ZvE\\\cCiӼ.HT\Lv}g`&U8d\5\Zƒʨ\Zch\8\ask¿\j`£\G.\Z6IiC\rva#\r\5nɡ)\1\rԭc\Kj?2\=\c?3[Wa0^z:GG>})<v\$U코ڻQ~\<er\&C\~&\͑\c\4\\\\\\nm]c\\f\ه$i\\\4\A;WdPvv/\\\'\JxpIC×\Ώ]\_ҝi\j\\ϵᡷ#$r+_t\f#\\'\S뜷٘l\%v%\\H_˪2\\\\{z\u}voO/\\K\\w\V~aֽ*\~_h-9Kc*\S3\h X\\!\?%\1\B[%x/\0U+\$y5u\\$\"k\Re\\\\i\L\\\2|rD\\L8\	t+4\T\\BL\\.$68\\QqE\|h1?\0Z05~f\\\r\\\ ![6uO?t\\>\'\\\\\\1\w=w\%-\Xϔ\*iuw^\jyλ?e	R.\ۉq\\W\"\0o8\\XC\\`\|\qL\\R/\jV@u\p\|d\J\IE\\X2\\\\\(H\e\Uw@ٌ.0\ۘ\\WW;@B^\a*vu\/^9k0\w\݈\\\\ e|s=\(W\%\b/WuW\\m\\{\`@/\S=ηXsy0.*\?D\q\a\\EQ\\pOiYPM\28[*\n\\ώ\eX8R=~\,?\.g9:tA\3\ʧ A37\_\-6\'(\nBr\&\C\n\p׀<5S˭\*T5Ek%vwg\>#\AqX\7N^\\k\Qy\7]!\"\bq,E\\;1W_\a\\\\\\\\\'҈Y\Ֆ}c\a\\7\\\Ṋ\\i@10qԊ\};zT2vW\\\]O\0S^~\p\\\\>\+\Ng\\}\:\CO\e\1J\\n_\q\"T-r\e_U-\bpWc\:\\0\\\;bKW䆉\2\/ЏA7\xtfDϻgWJ\$\\ d]\re?\\\U\W\\;\tg\f\\ȋ\\\Hj\\f\WT}ꐫsa`e\G}aZ:\l\~\+!\-5uL/L\!\\hP3`\;M<+\\0UA\ZA\R\ZD]9j\\x	FH\6}:\\\9v\N\\Z~\\\\ᔵ~HI\\"\\\R\\\\\b\\3\qA\\a\\^\9\'`-yL\WK\.)4#1$ϼbT\0\OdC\\1]\\^\5tw\0&8\b\yY\\\\\@7eZT5p&ыmTˮu\#\(\11YT\5bCǺ\\(\[Ӭ\\\4!D\+Xƫ\db]PQF\\Zp9`s\\!uY{D`\ДGh\\qrgf`\<\0\\W\ՏC\\A\D̩\\'1(\=N\̢\A+\5\\&ơ\\'=\@hW\X=ᠳ\\ZI\,k\E/E\3\}\\'\\\VS,\#zʃI-.s\(\^⇴TAV\`U[ǧzu1k\Аܺ\ʫ-طqؖUAƦLj\eYc_h\e/v8\\k\0h>&)W\l\+]{(\(v\'<\}~X*?[\|/K򢩸3\%(r\\\"]b\=*\L[^:Fǜ)\6~Թ\p&o-\*\R\0~ Rb\)\\gX²\(JL\r&\&\X\zG\\z}\Z\\\\\12T\DeZ+1Bx˪&Kئ\ffXaBw\nI(8Z\\\֣\\J;\$=vƐ;9rEmZUh\[9kJb\.=\\fk:w\do\\\=\z\Z\v`\Z2\%D\rs%\\\\\y\\t\R\\f\_sja(SN\_\M4\\0UlF\\B5n+\q\\#:(b9.|+lM[\	1SO妝eJ\fhoZq\\\0@l@\r~a5!cJ?\0ly׋\er~[\\\\\`\@.q5\.fʹ1\'XTAj\\JmX,2P+ף:\Z\O\\e\q\L\\	x\\ն\-3PXS\E\V1\%8*\.\E\8K\]!`Ħ8AJ,kL_\\\/\\\Z-\n\2Rieiݛ6:\m#F\\^Q\}n	ף3E\nJT@_xVq\r3\'\\"I\r\`\/뤫\\fW`_O\\\eW\?SX7^L\xXs\1\h\\c|5,Ac0eM%&INc\7-i\tfN\'Q\\|\^ٕ\'\	\co#(#46!5$7&sHn\\Y\jO\r1Q\\\"Dͬ\\l\H0\p\5\>\wIFg\f;pvJ\\f\G\\\\\A\d\\\@\\v\raQN\Zo̡r\\L\ψ%zrQBa\J\\5\\XZ\iw	\\;Ep\J\\*\0/\Ul\\\(0m\.u\\k\L8;~\\\~#\s|Z\\D#\\\\Ӽc(\R\9H6Qn:(\c\䜘\	m\ ܍SAdo-kù(?7\\'Qb3WgyY\\N\'a.\l+\Ii\N1\\Ro0m.5j\fjpUV1Ad/I\w\,6\%lk\(\r.$	?0π|\\GO\e\\gW/\\\(\rK\{x@pI\\\n{\"\ǱX\~\-_6K\S0\R\z3\W{[``\K(eYC[\n\Z$ \nǢ\Za\\-b\4q\\\$Q!LKB\\Pj-f;\\	__2q=\z~\I\bj.\7y+=CdZ\\̐G[ӌ:R\\\eUBRǴm\e\Z\]W\\/g\\\GHB6w	Ϡ\(\18_\k\e\\\OE\D`;\n`-Og\ys\\Y\,D\\4A\R\M=Bt&ʃ\G\\rw>\b\5\\.m\b\s8T_\D]Q\aI\\\\\\\\}?̫NĴ\1T(([q1I\ney!u\r{%\\u\\\\{U\C\\\ns>	^\N~}.Dkga.}I~-;`\=m\\\8^\\DK.d\.p\fhMeG\rK\\]f\\\\5eBh=؎m+\n\1P3S\:\eW\0kQAe>GKc9~\3\\-\\{P\r}.Y,&!qelT\w*)0\0,\O\\\\.\Ѥ-ˤY\c\rV\C\\n\\\\\\\/\\14)&\n}j%\ݔ\\2/}>\D\ET0kZc\CL4\6p\ZpBy~\ĺ\n\\HMM뵑j\\Ÿ\\bZ-MYԕCdR\\w+[\X	h5\E,\\2%N}\\3\3\x$\j!0&C:l`\G\reK\lu(<!p\\B\݆d\K\\\34\-\+\\\\	>\mf`\,\=ɖ\LOdP^ٚ\_yMe\\W\Q#\<o)L0!\1ڣтUL\\CU^\"\+5ҽ}2=,1Z|5^zL-0̢Y-3\Co\\L̎\\n\MBُ\ϥAf7V\Bu\x`\\nm\\yo`0\.X\\\n][\!\UO#,G\\\\"\\A[vt%\Zu7g,gr\+\\~\"\\dU8a\L\\\&Z%\r\axEyLYb+@2eo\\Ib\\\7!Z\h\^`6KB\&ZK\\\8k\ZW=\Ti{J\O\kcU:|ˍTesZԄ¢u\h\0v([!\JuiU\\VNS=\\\\`\\}\UH$\\	\\u\\06,<=ɯ?f;\0n|\a>\\\F^%:ǈL\"\j\폰A\h,3\\\3E[\(O\.?qy\n\f&z[}jkP\ao\\>\Y.\}0fX\}rNWc˓Q%e/*\N+MIE\\n\\\\w\w`\Z\\Ǩx&Xs<LwI\\1\3e\_?3x\X\Z	]H}f\\#|׃\\8+N;\_\m\<O\X\B+H\uoc&D:\\\Ƅ\hJ\ҥ\\\\xԭSHZ=*Ҽ6e+dC\\\Z\Z\Ԕ+G9Y72\\l\0\\qMOx,\\(K\t\n!\\\-pF\J;җh\0xsk\\읿M%笶\*\\%]1\\)y|,\\Z\\Y\/`rnY౱B+\\\\ݏ\ܞ\\\n\/)VQ0\B\&UN\\ZC%Q_\'x\5\\\Z7\Dt&\7\\C\"ֱ\f5?\C.ܞ\Mµ֕Ŕx!pO2K\\+N\'T\SdqQ{ ƴ5gu	Ʃ[iPl/Z-QN+\<\'|\3\\\?3<s\\|\\goҷ2QO39á3\%KZ\@k>\_\Z\4!\bi\S\B\PG}XePT\rʐ{)Um;h\\QB\\U\\p5uU\p\Y(&\\\X\#kbC\h\nD4\\\\f\*nqs\nj)Q \\\K4\\M\1ʢYaY1\0Ƹ 0\0832\-p)>\\5\.rfr\rRk5=e}<&A\\mzFlx\Tpסj\sE\9ձ2_\5\\zM.\]ŀ\rl@\l@VB\O\=-.`\LK\kИ3\*Y.n-!̑\Pc\F	9s\jTu~hxoUEqR\\n5\\Z\8Aj\\\hy~NV6\XWQI\\v\0\6\~fai\H\rzW0}\>2\OLLf>\TEXlV\^}\j\\kj]HhM\"\00\t֥&*\\\8ūino\KV8lzZ<\+F%spuT8\\\	\ [\ib܃\n}vڱQB\9yK)\V *j\T\4`\\&CDܫ\9N\\+\\09(׼א\\e=e^\\nwG|\E3\\rGxQ\"\\y:3\p\\K\)p\7W\\n9ǦIQT\vⅹU\T\\\\ \Ӭ5B\E\\ۍBYW2~bBűv\\\.\>\I\nb s&A:DLF>&I)\nQ*TJ&jߟK`xiY\Y#dJ\!kE1ZM{\\\\Zeq\\\nV!%Xp\\"\\3PŖ-cIVarBҽ5\4A/K\Y1)\^H\`\Q\U5oj5tlVF9T\rv(c2`Ֆa:\~\r$\9MjrtM궒\\\ATU\ƫXL\	K@\2\\Qmq\\4\\H_u=-\%[\?)Ӝ\0;\0M6\6GK&[>\\x	FF!\j\2\\:*0k 07D\:\_GI\\\*\z\ÌEQCVSa#\\ 8d\M&q\Ƨky:Egux5\"\0\\4zv!\r<OKPq\D\lʯXWe\#/ 5m_FS*eS0\ٶ$Zr$ B@`0\u\(l\\\|\&aG/\\\0\ޒ\_4\0\\~\'	A\]\\Zg1\,p&QEm|\\f\\ZT\6\`_$xi\rn{XBD\p\l\\[\Zn1RF@T1\\03\\ӂ\oqG	\toe\\@\5`؛L\Q՛\\\aҦ{M9׼\Z\RJFX\lΒ\f.\\r\\7K?\0\9TA\0uO:l#u/\,\~@\0\.\>5Uć\@zA}\܀w\\I\(\9\\%\%[\\\-`J\_\Ѿ\\nA\`*}\ե;@&\*\\\p:rco\S\H8E\+bM6>fZꕺ\Kr\̥垱c\S,0Yg)\\rv\0ƴ\Ns}\\\C*i\n\r\n\MgzS.\\q\i驊0\07\\ZN_8\0V=\[[\Ju\\\Z0g\\n\\\&i3@;\6>\iu\\'iz\*@\fXꗹ\,\\Ĩ<#O\~}/Q$4\pxa\8^2V\'T8-ni!\\\`\ԡ\\\\Ps\P*o;\iK\\n_9[**?2 l|\-;@מ\\)\}\ӷDfS޽:&\y\\\W\\\\1O=b\\\\\!9{\k5-\X\_\Cz\H\K|!0k(kĹu\*\\\gM\b;\Y\5\z&\\d\WKǥ}\\rbM>%\tF05\>\\\OD\\\sgf4P=Ӽߦ@NMM>\*3\\#k/\ZJ6xQ\r5Uf=(j5\\l_\*jK\\\:2ÏΜ<\f\"\\_y\\\\02\q\~ӊP\坃w`Y1ϭ\M<B\Y\).\\t@\'\g2\\S\^=bn\\\뜮ۗ/\\y\Baz4\";\4\\\o6 両m3G\":P\HP\]`5uz\\0GC\Z\0\\3YU醭f\}G\Qgn8ȮP\J\\\mMi,t\vKp1m`cO\~aoױ&\6b+!F\Ĳ,&:\rs&E\\]mZA V\hY5J,\\^HE\	\\\\Z	2Ռ\цxZCҫ\R\\0\yC\fd_DON\"%\DClL\\\s(t\)\\D4`\\f\j\\V6\+\\"\\\\\Zh5_YHni,\\P\\\\aX\\)cMˉ|M!\R*6n`$\J\g5\\\\\{\\e#\\j#x\\\/2\\N\Ş0\i\A\\\\0Y\#+\H\D1c.\4a_]f\Z\3b«H֔KYu\\\\\\i\Z.^\\\`\I~\0+c\k\n/FC\L\\/\7[B\\0ygx\]i=JYNꢅ͐&&e\Z\`3r\\0P]\\s\|/\a\MQ\Yr\\\\i\\0\0\0\0\0\0\N1\\ͷ\0Կ\򕁠)Wnن\B<1Q\EW	9\jئ&0\(g$nC\zuܾ\YrF\2\Lv,\\\ܶ+\O\\	\X\iP<&9\\y2xq~KcpwOì,n[\r9ǋ?!M\k\\r*:\h/a	ud\}me\A\\\Z\u2;3\\u\\MӁ4\\\\%/pm\0%yyK\\\\[>40o\k1\\Obs\\Zy\1oe2>?ulaCx&\'nH\0\\o\p\A\\	#)k\0\0u\\$\\M@)>3J6Z˵\"ӶD<ى\{\f0c9cT{5\\Z.\\"l\r\=\j!Ŝ\-3CCB\ZwK6\	\]eGⷵHK\7?\ 2ۀN\ߧ\!\\yi\n~\y3\tF4F\k\\w^\ri<V<\\\F\ЃJ])\wN\-xP\._\%\rfc\D^\\\\uT	[R\\r\\u\i\\YBW\\L:j-q%0\.~d5v\qul\\\0%\0\0\0\0\0\0!1AQaq \\\\0?4\ɧ\+؏\\ӑ?\\0w\0;\e_Q\0\m\}ն\5eٽe_Ra\\L}G\5\l^;?\\\'\gO\L?\>\;\;\0\>[\\0G߽\b%\Ci\\>?\0V\\\\[\$,\\\\\0v@\.\/\o\\c\\\vNƬ\R\Ȝa\\'	sgRB+s.\p\͹\~Ndݲ\ l\'	}2bH4<d\\'}|DK\a9\\6\\\\r}u~N}ȎKf\݂m\Ƚ*`\?\\\\\\\ma\\\$G;\\\ndV3\\oR\pflHA\\$6\\\%\'GK\%\"Bh%]%=}@\wCq-\0f\\\)\Z|v\\\>vPrt\a,!6Q\\\?\)\Kf[\n%\\pv2\!\\'.ދ!f_r\rwa\mI\\\נռ\:[2\9?\h$!||﷤J\#2\\\k\\\\q\2e\a\i\`\	n\.?\n$;&:[\\ɝ-z6˂\^7l!\;I3\\?`_\۟><{td\̽\e\0\\Z1P\$N%\\\?t\9疧Hz\l\ϓs!;\ruQ\F\\\\!0cM\<\\\\\\局*2\~[n\7\Ѱ\\u\\ {cġ\KmH;\?$\9l\\i>\\#\-2\%@\Z\0w\|2o`4\d\.\\!E\W<IGaNu\\\QԪo\X\lF\q\\t![va\ٸ\\^@<^>oz\@K<\\o\0;H\H\\O\je\q\\E#b巳\_ǎA	G\\\g@\'roq\`gv\rlx:_eJ@\/Zˈ;\	.E_\!r\g\I\\\\\-=`\H`\\\Owݙ9GR\\c\\\\\?ԟ\D\1\A\\\\\?\/H\c3\{)쟃KU\z唫\'kor>Mm=ed\`1.K\:Ԑ2\\u\\\r\\\Wb\0\\a\$\4\Z\\\)\2@\\\-ye\0/\\0\ϡk\\$\\o9z^9\z\\e\?5\[\4\\_\\?L|\\0\\u\f\\0\\x\\B\\\\_,\1\\\XghL\簮}pr\\j\^F\n>G&\g~\\'կv\\S\\\c~\ő\\Ǉ\9\\\\\\-0\_,\\\0\0\0\0\0\0\0\0\0!1AQaq \\0?/K8\~^\'\#_W\\'\=J\\\V,v?,\_P\HO%F޼\\PU,eGG\y=>k԰vC+C\l\\A\\'\>\\#ߟO!\Z\\2^~m\\'^J\vG\f\\\aFJNx*\\o\\l\ۥ\m\VW\\~o-ۖÝŌ\\6Ao\9f1\D=Ɨ\bzYv =v̇\\\1L;6=M-f@\@\M\|H\\'\\o\\1\m3e6\u\!\S\ǰ\\\'\\\2\zɩ\L\enOI\e\.\L\\0i#\x1݂Mwg\̴-i\\+\<y<OT\g\׻{{/zX\)?o\܄\\,\~\czi\9\b\l\\Ǧ?K	.8X\j:\txx]\\\\\=r9\\wb \[V\\f^쎘\`v!퇥\9g7\\+MA\ߍ\m=D3\\catwQ&k8f00\\ج=\\]\bA6\!\C\[\a\\!㫄ݷ\pae gs#\\v\\\\\&O\u\oe\=\<c\\B/\\ԓ&\V\'>}@\\Hzԩ&@zOM#w=r\\\ \\\\-%!&X\\f9b;\\l\u\\G{\r]C\\~Y\cԹ\\\engd\C\hw\ZC^e=[\gԤ\"p\#\e\\>``\Gl`EC\\\	d?SԪY3\vYu /r|@Ȁ2]\0uv]p\9\!\/\o\1쏧GU\sou\݈03Ky	$>=Xvۯgw}C\\\&Y\e\-\g\|6Ń/\o\\\|\|(\Wal\}^\r\\|g\\\O\\RN׌Y\q\|\.\\8ʛ\\}G|d^>:\\>C`\\,|\+\ \\n\~/\\v\ϒ1o\\\|!\\Ϳm.$KMo\\0&\0\0\0\0\0\0\0!1AQaq\\\\\\0\0?pqd\ۭAk\FR\\0\\P\u8fQ\\	)A\F:U\I\Ҿɰ.U\S\\0e\\D\X͗\j\n}5v0\\>9g\g2B@\k^\ǵ_\1Ak\%u7\*7\\EMqe<lMJ\\\Z6\0Z\MO\\N\v\±\+SBΖ=Yk\Dh\\L8\A\\IA\_*,\e*\tA/\W0\)\ALTL\w\xH9)#\4ų\ܟ\\\\0>\+C݈\\iJ<0o$\-\.\,Ng\o!iXZ\'R)0\nG#Cz>mk\G\\\2#陃|n\	\rYpp,\\zbY\\D\\{~?nGܡ\\3\\\Z9\ZߢSl\r\FLTKLj\M	g3wt\keĽbٱq	\\"fT82\Q\\7ЯkX^G+\nD\+x\}\SA}%ݔLZ\VZb\+;]\\'\r\-.\|sz\11\Si\*\\Q/Q8\\@E=W0\\0&\RXM\fQ\+R4;\(7_H\\.7\}&s\%ˀJ\=2\\\h\#&0kOě߯6`\xP Sz@\կa|P{@\A\z%\\\Z\r\\n21r\u\mK\AR\]%S\jW\'\:ȃX9\10Ò=0\@L2N\aE|xS\|\و2圗\fR\\\\<n\\Z*`o\[Xq\\g\Xn\'V ^È, a\tMMx3b\P*m1rń\׬Vy\p\Go@#\Ⱥ\\MH\k:=ꚹ\`b\\0\j\\Zk\^\V:\V\7h\,\L\L\2cYc\^\\\:GPFҸȜ<\a\Z0;#9\\\n\zk\~\\{E\\\t\0\ls\\\\p?,\e\\Z\\\\\X\Ϩ\'Si(^:\\>\n\\i&Jf\xE[X\3\.Et\\0U\3\5\\ G\'\ [\J\\ı\\WvubF\迲fa\\\{\r\C\\\\\o\\\\h\z\Y~\\\LGX\ԕV\w^*k\rn\6Я\"\\\\\po\-\)W.m\\F6\o.:QB_}tN\0\q.\Aȸ?H|\\`l\r<\\AJ\T\l\*1\nފj\oB1G\\r7R@\I[Ai=!m\0H\"Z#O]&\\\q\>c>\\hjL\\n[\0tS;/\\;[Pe\^\Vv\^W\42\\5\\\R\\G]Cz\Z0\1\"\O\odwDx\أ\K]w\k\\X\{ ,^xHS\\rC\}KӼ\B\\\(~\\'\їq\\u\\\\y~\0>pe+\\L\\\\7G|2q\*^j\'ءҡ\r8E\Zw99\\\ s;\\\\	 i\\lY@n\\k8\\BQapaZ\\r%5\.+\r\S\#\Ps2i\\r\"w!CkB\0\w\B\8H]oX\=\wH\\n0fT)\\:z)\\Q_\&C\\8Sc!PQվ]\0:3_\\\\\\)\\O\\nGxA֘\U9L\r\'R{@\Z	\\n\\&\G{@U_B;3b\Z\-5\Q_\ @+\'T5WH<^ePzetOR}$qy\\Ўߦ*gc\\s\\L.-\p\l\}\^Ep\0y@\;_r`va\~5%\0Q\Aq3- *35/l\0\\Z\(\Bc dX}P\\kz1~ykm\,!~g\\r9aO*tɦQ\0\0\)p	wpU@\Y|5\}\Ofi\4YK\1#٤\\C/\ZbE\W\\c/\ZÛR\\\Cb\bR?$.\re}!m{Ahc\\\\\\\\0$u[\\-\L\\nп\\ lv:\\G.6\Ro\\\\@2]\\g\HQ\>g\ee\\rH[*g[\m\\I\2W\W\0\r\\dGO	*\\X1^v=0S~\E\\[{8a/}\k=g\\K \:\'\\r:\0\\"Y\\TsJ^%!Jܩ\	ϙ\\04\\Bq/\J\\,\\؈j\\C|h^eMq9\^U9}؎UP\@0:4ט^ҩU\\ђ\\j{\\/\AéY\(s?%L2\\0R\A6\\[,\0BZ\8E\J\΄|S^<QQY\\˟JZmg^Ty\\\j<Ϫ\\7U`\V|3\-p\¢XOőaƉى{\\\^g/\\ÌѮ\\r\GMK =)\h.U\Z:,X2\0섾\XZa|Y&J\nĪ	J0<\0QQ\0v\S}ngqļYfL\\\"\R*\VE/j\\NBc.IE\\u~YUP5~c8\\\0\ƅz\ҞR$ C\{hV\.	!]!,6-Ql\"L<\\\06T݇\:\\ǁ{~\\e\}TP-R\p\w\E?>:\47,\"t\\/#\\0\\ѯhu\Vp	N	[h\\\IV]\u\6\FG*Y\0#:\]⡂\E\\2:_-\ZbQaaP\0\䌥?Bp3יr\A(vAq0e\0Թ\\\A\,)\qKf\\r. D}b%{NrZJF\\rLG>\\TGH|^tb8f\b\\\xJ\7\r@I\\\J0d~eAb*1594\}&\\\ZW\,jlw\"\[<\״%\e\Z\\LDcn/pf\t[>TY~F\91CkK)=\9*\r\G(\w7[\\\q/\4;W\s8x\'ϱX\ύ)\l:B\U\'Qߺ-\ru\\V\oBZO-\\l7\\[_@l\Z\:rD(\i\=\O8\0\l!W1\	g\O\+\':\"5\0ESlN\cK?:B\>Fe\T\\t#i<\rT\MZ!\|\I\Ƹ3=eVn\[9e\q)1\\PX\\T\Z\\*\Y\[R\\:Bʆ\3sa9J\݆\\\\\ <u#A[c\n\AΙ\(D>%K<\	H+\f$/Ԙ\[\\Ġk\\\\0\xlp\f\.\(\_\.\"\1\.\\0\\|\Sg\!K\\P\YqH\x%*\\ߺӸC\*2p3!F\	\+*W\1\Rq\^\nuB i\nSPX \0g\~vc\"\\QE4Y桫aj%3\8Biw\\Z\Av	Eߣ\\\\Z<;>\\%^\\L\\En-/\,֎\[\0{#e\z]ex\\c|̛ާSU]\\֣\\\\dK+LU9{\b@G\5\#\ۂ\1~`gA\k5Kt\Rk-Q9f\I5\\ZrD8hXi\0\;RC\:\_#\D\q\0򖛇?hfN\\7->\\\܁\	\(\(\\n\\\ۗ\x\R\X,\t\\0\\ZCn6`Q\\\\@\wM\܆\\VS0\$&\Z\\nځ3\m+\\19\&t\Y\sdv\D+h\Z7-\4@\jSu\n\\2PΎ1\Q]h4YRy?\0hG\By}S3k\~~nZP0\[+\#pL诨\$Y_NYN75\0\]\')m0x\\`K\\Ӄ\U~BhЊ]kVJ\z\0l\b\3\\\\\q\\Q\0\雸ӳ\"tTҨ@ \(e\n}@o\wap\\n;`	@\Q\\F}GD\nɥ\!>4n\(V\ty\XXN\m\rkԺe\\UZ#\Eۺ\uS\H\\S\be\`ݠT\k@l\F \JSss*\e܎]RKS\\Y\I[z &\\Kgu\c\A6\\r_7TuO\@,\-\T|0^y\w\4\<N)\߄H\y\\j\Z\\nZ<\\(\\:\d;\8\;5Ђ}R\sb+BF\l;CYlX);P\<T}CAK \W<`u\H\T0K[,\\H\rj}Ct\\0+L@:&\(_]3PU֪]\"u\4AiW( >L\[\Z\zE\\x\\zA-t#PZ\\0N\dл+N\\Npj)v\,QtQZ_<#]x8cvK\\@݉m:نvͅ\ZJmJ\\ޥq\+\\rCZ\r`<(\#x`\`,F	\I\\*2\\0\E\\0_c\n\\r5}3^5X@*ƪ?L\L[Žd\z_2V١\+cv:\\w榣g\A6\\Pj\{ UzMG\\$T9L\ڸ\\ <_PI#P\|s\Zӥ\0X1\\y؂\Z\C-M\\7\@\\\*#Xjz\0\4yU\S\r\ʰ\C\n\<RυѮk@Hq֘\\A)S\b@\\k+cx-A7\\aAa\\%\0\n\0o]%0e[\1<0\\u;2.\q\\r䍼r2M\1\\ȶQzɅ:`P0\J%XXr\\L\\F&!\$\m^r\0\G rr\b`\\\,!0bb\\p&N!\\\\l6\,\	\\\-Y\\\F&N\0P\\\0B\\kK\\\\\\\ZP\D\VH\'!18\\B)}\ru0ΰA@h\Ek݇\\\fxŨ9-,\\\\M\\;X\hi4 \\HXh\ns_d=\h\r\\>\0\\\W\\Z\fxeW\\n[\&A[\*\\]\\(H1K\Q\L2\+2u\ZKx2׺\\"PWXt\uFsIBk-NEszV\wPDں\O%\n\h-?p\PC/q`\0->c,ƈ |\\!\^~\\jx\G!1#Sl=5G\nK\\*nZ\񐁑Pn\]G+\e\eC*\\cZW^TTYl8#aw\Qt\!\B%TYJCF\q\x6\E+<\"]\W~X\F\0\pC\)`\\1\\t~\\-]t!&5ӈ\\75\'8\@\̸2\"i`3ºG;qvc8n=\Ca=*V\\\>`w;V\\\\[\\\\2\5\\}1+\0\5lޓ8˓f\GמK1б\n\Z:N\"6D>&\\tz%#\YXr_HAoi\rXRQuk?aHb\\(G7\\W\g6T.{º:\Ъ\nL:\\yq6\N\b	@+\\0V`qըbJ\zC\Z\ĈQ\n>վBV[\9T[,:\cb \@c`\\i*\q\Hk\`ň\G/?\uoM\0U\\\Ll\\nHkFz\n[\\\0Ś\\w̋>\N\c*9e,CF,@²陥r<\>Is8\\\ Ĩ\.V\0H\0p\--b\"\\ M82\Gk>\\Ѯ\ޙW\ ,\rG\\"U\\\r\goA{Jtڇ倄\\`\Ж\\7\p/\`?\G\\\'P\\\2\l\uUs*҆\yQ\0^>0f\\K,l\~(\nMu\p*\\\\R\\rE24:zX&\\<\;zA[*6+d\s0\a?.Ո8\\T\Zt٘&\\W\B\8anG@D\\ȽP\-̸ƹAA5Z;LhҏBf\Z\W-+\|4\^3\r.?GZ	E\2\/\e,z^\\k\l1^%\\\\x`r\[D*ce@\\/i\\\\\a&1TkS;D\B)j8uƸ[\Kt}\W\"8\IrPh}\|?\|N\◡ݔ0\s_ 1\0do\h\\\|C\\"\{B \O;\\\/P#[+)xa(z\Z0ʾq`k2O[M&	/u`XԹKG\(U$\nVf\\\PY+g5X3 1\.i͇h\P\0Y\<\LUxݩ*k_\G@/j\:8Mbj\0N:C;\?˾\[uJ\>zZ-д\\r	tB\b	dh_I_LYTխh\Z \ׁGx\A8?\\n-\0BЅo09sh2\\[\`?\\\6?H\]\Bn\\0l:@s\\I\c\\$ \GAh{:~\[\FG\sjh\a6r9\im\\)(AD)  \e\\5\\"ì4\s\nUJ(4\\r\\{Aa\\P_\Kf\fDN&(0\0WD4ş$&j\'d\0m\"\v\W)tT+d\6\"*\hv\"]\E\	CgE\µ_#\4g\X\u\6x\ZTX\\0xSVS%\7k\\r\\r񞰵XVe\s\b\nGC=`\r\\JWr\mmc\HD\83	\0`iAk\0!~\\lz?\m\\\\>\RIF\mk\\R\\q\Y\0!G\\08a\-65s#F\yI)7x1;\\%\\\rMNAҼ\$YS%\%\\-i3z\\<bT\sh\4\0-\\?\Ǉc\nM[NBj=`\o\\(	\]e\0n\\\0oY\0 \\\Ma\_rV7\HA\n:\r\0v?rÔ\~\n\\\0\"e@X\8\CTE!~3\A\\?l+ \\\"\\V#x1N6`p\\k\r5}\\}\Z\;6<\Weݨ\ !\rx8CX\\?\.\\r_\(C\m2oz`ApC\-ak\\n\nt\fz\"4L\\O\n\,co$@6Ѭ\\'anf\\\\z!Y\\t7\ʡ\\>\\\n+\X3C\6V\\\̳O4\L-\LbkW\/p\\n\eL\\\1\\ͣ˂JH\ڌ\\B^F-|\z[\ɀTӤ;2~7\K\x:Ha2Ma^U%Z.c9Ӫ;t[a8h7Р\GD\\"s\=\	&chM\^\"\\\\\zCU)F\0)\\P,\\=V\F\!\?\\\\ 	\\y\wP\ZW1\m2δ>wN_ܖ\J\"\\\L?\\\\n{(Zd}}xJ\-Z\r\\\݄ӵ&yPAQ0\:C\ra\P\b+U\t\v\]}\@.\)\\003OP\>H\By`P\/xܪR\.8\"P$\(6Q\ݎ\jK&m!\0ve\\"\x\\_qWC+_\6@G\CW\R\QJ*T不Lh7\nA]\Z\DueU\N|,[B<Ԩ\u\BGU\\0\i`\r\=Q\ Ѿ\U~~\ʭ?1\6\\Zv?\\\HǏe\M\\d\\濒\-\_)\7{#\	\0P\2\u!\\I\Gh\1q@*\\\X\\6s)\\b\vk^e졍\"V\xi\\\\.\\0\\\\􅄹\0`ptml\\\\B>F\y.L\"\\u`\\0c\tT|\f\nSx	-\0h\4j8AˆT:Uě\*\\KcgXձX\nkF^\\Q^p\ra\/H֪\\piQ\3\\CYhRQAYRܸa\nU\013p\\XrHl\\b]\"k\Z,\r\\\OO\j\\Ar\j)E\\Z0bl\)\\0}!lyB\\\n\7\ò*-\M\&uk\A\\͗8\ǭN\a\_{\Mm\Մu.!\FF2\\x\G$\aj1R\S\92\\\\"ʦ(.\\+	_S\Z\{{\w\RU0\\BVMB\\\Ϙ!̜D\\am@Q\7\\)\.+֢q\L9|;J+\DV8\ʘj2\Zʤae]h(y,ai(&Ij\\	\ʹ\2Y=\d\\ag /qN5\H \(T{\Sl\07O+4LD\ʘ\\J\pQr\ݠ\0\0#\?\S-\)8z[\\\SK\f:/*9P\K\\T퀠\Zh{~)\6\u\J<Ww\Hd\J1M1s	g:J`\04mWOx2M\*\\"#і\_Ajhbp@\20Y~;IU7eZ#H\.]_z}\\\RОMj$םAT*ҌGTDu%\r	,0\Z\n\\~К:x`h9j-\H\a/D\E\\`^\r%i,ۄz\r{\F\\d\_8_MR\)[\\r\\,0NL))V\ځ\\"0\ \03?C\\"_\cA0\,9n\:t͢_\\r\8^%m\\\y?\2x\\Z\\"q\Jo\rG䍠\>T^\<	\%\-L%}dq*Qf\\Z1PQo\"r\\A\+\ZmU#D8J2\\D\\7B\\Z^\WPew\u\rQP\.\$gk7\"J\\K+@\\W*\+naӄ\m\X\H\I(\Z\C*\Ү\d\nWIJ\n\nK\V5\W\v2J\|_\\\n\6^\mmZ\hG$H\nǶ\\\\xڻ\h=Ŭy[\\\\nx[.0\h\Ѫ\/欰֏Q-]?\\|?WP:1A8\#C%\6R\\\h\3\"Ad\ܨᇁN,?\)\\>H\\\\"ű\\\<&|7+{\\\\eG`\2̽4`\C\X\20Y)K̡.5\YsWoxq	\W\M\ϤR*!ƌ\Ơ0tLlHu\9$ku@Ո\Xk3]jaY݋!\Z\n\\-V+b\B24TㄲwaV\@\k\\\rKlk\r\r\ʃ\==\\5ФH\IF\	\nP[\"&\\+`\\\0\y4z^sPؗ\*t\9\ѻ.-a\"\z-\!\\\4.,x\goTk\SCf\XVP\0ȷ \'#s(N[Cٕ\\2X{KL\=GS\\1\r \h\\6\ª\#wPʽd\\\\}es\5\\V_!(\M-\n\ j롖2ˍv\ת\@USժӜ.k#;-iz\\\T-QܣrPV梥y$w\\\Zd[\T\x~Y\\7喒Wl\%ۼXv.\\Z\pk\\Q@6oQIUA{ub۩T\n\U{%va\ؠje|e\\2\08z%8tMbC\)CImvY$\zAс+\Lp\-\\S:\,]oj},W\M8Ӳ9\Jt+\3\2\\~\`d\d\\\\Re\Y	>n4,JO\\u\\n\Hz\\t\ry64\;=樹o*\r\4\aB}Zv!6\YpȩČ<VJ\q\0\\\e\0?AUwIV\yl<Ơ̤i\[N=h#~pE(hJQP8@\u/i\\*}eܘt<%r\?1jV	E<\\\&(XpB\\\ƺ^bMQ\Z:n\"b-\\\\'[HkNU\\(F4THEw\)\Fs\r`F\n\\C7͈!T6UY0F$\rfc\\^G^\\\\[ډMx8	\.pg\KkWƋ2\s=M7\0\g?_ȼ\0c+\}JCԣ.5F4?q2>boŉƹ|Ӌp1/\\\\F8L.z\Z-\j\n,\X\\Z\_e\\sw\W*\?o9EŴc2\z\*\KT\\\0!bLj\n\0-0G`\Z45tR\qQm\n5K\"\0Q\lDIEШ%ouU-|\N\o\@(\r\\-T\\Ò3\n\i=Y,\a\µPZ;F\J\tj\IM\=_T#\.\gbڇz>gGN\"\\l odJ*\n$b\ю\\'\V\f[8(C/J\\wfUu\\0%Dz1^Q6\z-?$;>3ex\E\\5WX<نT^	\	\"	EA@\&.\dh](\an΂\XnJ\Pҳ9\Cl-\Zx<M[\\\'SOx*#\9A7Pd2\\\!qV\le\\8\\Xμa#ΐl\nUj*őtX\\D	`D]-J6qeKR!A}E\Zu7\ 1ErՁ[/j\V\pq\L\'E\'kHة\жO]YZ\n\\o2\\|^P\r~YBj<\\_Pvӹݏ\2\\ts\n܏L\0UCo(l:\\\\L|˽\?\#v\\Α/\֭\`Hns>&n\r򃧈[\\.5\i_ŋ҅\\gK\Z\\Zɨ\0saUao(:01\ج9	ǧ]1\!\\Jc-\k<\3\\rSKw6yx\C):\Td\\}ͅ	aa؁#b\K\4\hě\aKlJ\0%I\j&+ \X0.xr\M<P5\K]nBa$D\Qjb쪎P0EM\"Miɴн!	Κ0\t\j\(B\(\'W5ʱ\<TR5\\Xg\\\\FZ\'\:!\o\\\`\d+\Kb\Zؼ+\'uq)toG\Ӊ\r\'Di\U\\r%\\,\\\[)ѤR/\r\0*׆Q.\ΐ7%3\s:@L\ZWQ\.An&[Kmo\@&\G@=K\/J4j\qd\cCr\5:\	\\\\$1*\\nM3 \0G\n\\)ކ\*\\\\D6Io \R\DK\9QUhY3\9l\\\"\\+\v|[ QT[\K\IC\"6oa7~.\\0P\\9l\\	QeǶ[ԩj\R\\ru7*$j[aװD%_,F1}rӐM\55>Sl\0\\ƺ\Z\H\nʄB\\3\t\)pIc\O\0[!VlSܫ\DͲ*\\{i-}2\1\rbx ˩\C#h\0>\\x`\\1DwZN~&\\0k-\!\\K]uO(c}`\ .\wE\\\0#,ͪBV+\nMRQE;\\\\4/\"[x\0 yPF?Q\\i\r\n\\Z\}\0\J_Β\q\0\\^\-7\'\sZ)a\Va1\B\\`\v|G#\3\J\\S\P\\Z.~&pq\D9\*\C\YZ\1ԎT\\^?\)6\\˅\nhႭF\Gk\7b\A(`*\\\aO/2\\\n[taE*5\\V\m4 uܸp\\F\'\\2\liĩS0\\\3q\:<&@Ô\A [.\QrW/;|\0.<jRlF\\98(jY_Q^_A\0\\\\\\8\X%\\#W\\m\J]T\n\Z\i\'z\&1\_A_\U6?5l<TSXqM(d\r\	ÃG\rw}\<U\$\\5,/#\\\\>\0i\7>oRJ.<\'\nG%i7\%m\*\6J\;+4\)8\")K\a\Z뀚\S2\"\\0%/?7\q\"\ӳ[.9\Z\EG\0m\o\\\=ӗ\.\\(i\Zq}㇙8+\\nܬL\\k&\D \.\f~e\0k/Q1ƇKj\eγ@\Z|kLu\:\\h1KZ\&\e\x/=\\\ЎG\IV\N-ElN\_\\"\!*Yz&mE\\|KR\a\X\\4)Hu\\'(\\Z^%\5\\U\$\V!J\3\'Trt\`)@\\\\ZſT\=&K\\B\\"%Z9K`s\\U\ZGn\\yWNP01)-jU\$\0\\"\rY0\*{CfΣ\T\X\w\Ö\+\؄J\0p\A\ʾJj\\K/TMw\6\+ڠ\%\XϖY<\>C\&]\>)j\WY\\+\\\W/	A˲JpS\phc\.\\\TYH\ѝ#\\Z\r,\\\x\Z+j(Y}\9\GH)\\!\0\7q%uQR\0\6\ƍ.(7[D\\|\\n\2\7[S\*P3P,\2h\]i\e-,\W\.\0\ã\4\kɕ(\䎺%\\A.u	\\\h`trR\̶P\\a\+>`yr(?6/\\Zc\o\+`/C\\%\++\\V/p\Z\\\\0R)G	P\F\_0\.\\\\-\	\#dk\\\o\8\E٬A\2\\\\\\\}1\ɴ\Z\\\f\\0Zch\\0g`(u\2ɨ\]K`\Fc\\l\x\\FM7ĠE\b\c\Zop\7\*dэp=\\N,73.c\Jdz&\5\by\\ư\iɂUXJO@?=e|˞\O&\\_HW\\\\\e,>\\r\n;%\~_rz\ǂŶap\!*LȬp1\\\\	AM+zݽʽM?$\޺\A\rM[\o\nBd\6(\n\iPe\\n+Vl\SRDyNDS\H\, :\0J0qǺ\D\\H%\\sJ/\\\M*U?\\q\\YcV|\\\T\{\\H3N\\Z\+Tu)qv\54\;xfeA,y̰\\\\ɘT\\\J\\w*կuO\019%kEa\v,t!\\q\\\6[xLaoN\'H\\0H,0\\"\r/\5\\)\\1Kz\\\	\nre\cSJ٠\.\׈\\:\\\\!_\6\\.\C:C\*\2UDԩ\\<X\\\E\GR8$6┖:JEW\\iZ\\`KIQ;3|ze\_0\"\\̠]± &J\\(&C>c\!\S[\`\2\0\0\\&:d\,g(\@y+US\r(a9{\}W\~P\\\"\\n	g\\0\`\\"ĸaM\\0\GG,\\\#l\U7mDl\u\:&;ILI\\/+g\d\Z1\.mH\_8a:,\04G \"[\N\n\o\\#T\\:\\\\q\\0\YU֥%\\\\\.\6\"1\\B-];\\UftV\\eм3\Z\0\+\\eA\P\C\\\[2\V2`\rj7VTrQuS-\0mgF\,)B\M1͊X)`=\\8|E\rW\\`\.A\Ʋw٨P-I3%mcwWm\KD\jƢ\	vq(8j\Df\|Q+\*o5A\\[\h~?\7U\eh۵~\\FK\\\0\','81359315094','permanent','single'),(6,'James Well',NULL,'81928383289',NULL,'married'),(9,'Ruth Humphrey',NULL,'81359315099','permanent','single');
/*!40000 ALTER TABLE `Residents` ENABLE KEYS */;
UNLOCK TABLES;

--
-- Dumping routines for database 'Beon Intermedia'
--
/*!40103 SET TIME_ZONE=@OLD_TIME_ZONE */;

/*!40101 SET SQL_MODE=@OLD_SQL_MODE */;
/*!40014 SET FOREIGN_KEY_CHECKS=@OLD_FOREIGN_KEY_CHECKS */;
/*!40014 SET UNIQUE_CHECKS=@OLD_UNIQUE_CHECKS */;
/*!40101 SET CHARACTER_SET_CLIENT=@OLD_CHARACTER_SET_CLIENT */;
/*!40101 SET CHARACTER_SET_RESULTS=@OLD_CHARACTER_SET_RESULTS */;
/*!40101 SET COLLATION_CONNECTION=@OLD_COLLATION_CONNECTION */;
/*!40111 SET SQL_NOTES=@OLD_SQL_NOTES */;

-- Dump completed on 2024-07-21 21:03:07
